postId,keywordLabel,sector,barName,clicks,comments,publishTime,matchedWords,title,content,url
1759774405,中性,白酒,财富号评论吧,28410,2,2026-08-17 10:17:45,,"茅台最新中报：近10年利润首次负增长！白酒板块还能投吗？#白酒#茅台","","https://guba.eastmoney.com/news,cfhpl,1759774405.html"
1759930962,看多,创业板指,上证指数吧,4375,88,2026-08-17 12:40:26,回踩,"午后大盘风云走向｜冲高莫忘防背离，回踩方识守势真；涨时不贪跌不惧，节奏为纲稳中赢","","https://guba.eastmoney.com/news,sh000001,1759930962.html"
1760058008,中性,上证指数,财富号评论吧,1784,2,2026-08-17 14:25:36,,"重点操作思路：半导体芯片是走是留？直接告诉你！","","https://guba.eastmoney.com/news,cfhpl,1760058008.html"
1759919719,中性,创业板指,财富号评论吧,944,1,2026-08-17 12:16:04,,"指数主动挑战压力位，延续上涨趋势！！！","","https://guba.eastmoney.com/news,cfhpl,1759919719.html"
1759986477,看多,创业板指,财富号评论吧,704,1,2026-08-17 13:31:30,起飞,"300万实盘丨半导体、CPO，突然起飞，行情回来了？","","https://guba.eastmoney.com/news,cfhpl,1759986477.html"
1760042690,看多,创业板指,财富号评论吧,649,8,2026-08-17 14:14:29,牛市|牛来|牛真来|启动,"【8.17实盘】牛来！牛真来？牛市下半场的启动阶段！","","https://guba.eastmoney.com/news,cfhpl,1760042690.html"
1760057001,看多,创业板指,芯片ETF华夏吧,452,1,2026-08-17 14:24:56,加仓|主力,"主力持续进场，信号明显，加仓，继续冲？","","https://guba.eastmoney.com/news,sz159995,1760057001.html"
1760091544,中性,上证指数,上证指数吧,451,14,2026-08-17 14:49:25,,"收盘能不能守住3974点，请投票创业板指涨3％，上证指数涨1.34％，深证成指涨","","https://guba.eastmoney.com/news,sh000001,1760091544.html"
1760073598,中性,银行,银行Ⅱ吧,413,9,2026-08-17 14:37:00,,"还没进科技的别进了。涨幅差不多的，今天也可以考虑出点筹码。银行涨起来了。资金很多","","https://guba.eastmoney.com/news,bk0475,1760073598.html"
1760064988,中性,上证指数,财富号评论吧,409,0,2026-08-17 14:30:39,加仓|减仓,"半导体、CPO飙升，加仓还是减仓？附：板块涨跌估值","","https://guba.eastmoney.com/news,cfhpl,1760064988.html"
1760059315,看多,上证指数,上证指数吧,393,4,2026-08-17 14:26:30,拉升|主力,"主力今日心情不错，冲击上了3970+ 好厉害…偷袭拉升成功了！","","https://guba.eastmoney.com/news,sh000001,1760059315.html"
1759840320,中性,创业板指,上证指数吧,291,9,2026-08-17 10:53:27,,"大盘涨到4007~4016附近，短期就要注意一下回调的风险。当然了，不敢说能绝对","","https://guba.eastmoney.com/news,sh000001,1759840320.html"
1760059667,看空,上证指数,上证指数吧,290,4,2026-08-17 14:26:46,清仓,"清仓了，兄弟们，落袋为安，虽然没有赚多少准备休息到月底。","","https://guba.eastmoney.com/news,sh000001,1760059667.html"
1760077015,中性,上证指数,上证指数吧,247,12,2026-08-17 14:39:18,,"月底深度解析一只主板正股","","https://guba.eastmoney.com/news,sh000001,1760077015.html"
1759781819,中性,创业板指,创业板指吧,239,12,2026-08-17 10:21:35,,"真搞不懂唱空科技咋想的，国家队，大资金都在科技，不拉科技拉那些老登？搞笑吗？","","https://guba.eastmoney.com/news,sz399006,1759781819.html"
1760001898,中性,创业板指,上证指数吧,233,2,2026-08-17 13:43:19,,"今天的操作和本周的操作想法","","https://guba.eastmoney.com/news,sh000001,1760001898.html"
1760074010,看多,创业板指,创业板指吧,226,7,2026-08-17 14:37:18,牛市,"感谢了各位科技半导体本轮牛市赚了380万一共，全部套现财富自由了我在小县城房价4","","https://guba.eastmoney.com/news,sz399006,1760074010.html"
1759748719,中性,创业板指,上证指数吧,224,4,2026-08-17 10:05:07,,"8月份的主线是什么？8月份怎么运行？逻辑是什么？","","https://guba.eastmoney.com/news,sh000001,1759748719.html"
1759924344,中性,证券,证券Ⅱ吧,223,0,2026-08-17 12:26:56,,"【今日券商龙头追踪】开启旗手行情，市值150亿元以下，业绩市盈率15倍以下，市净","","https://guba.eastmoney.com/news,bk0473,1759924344.html"
1759816073,中性,创业板指,创业板指吧,207,4,2026-08-17 10:39:32,,"$力量钻石(SZ301071$培育钻石:从""种钻石""到""种退烧贴""关键词培育钻石","","https://guba.eastmoney.com/news,sz399006,1759816073.html"
1759917326,中性,创业板指,财富号评论吧,206,1,2026-08-17 12:10:07,,"8.17：午后，A股冲击关键位置","","https://guba.eastmoney.com/news,cfhpl,1759917326.html"
1760058203,中性,上证指数,上证指数吧,201,0,2026-08-17 14:25:43,,"我今天的持仓还是绿的","","https://guba.eastmoney.com/news,sh000001,1760058203.html"
1760050772,中性,创业板指,中际旭创吧,199,0,2026-08-17 14:20:33,看多|减仓,"好多人都预测回调，在吓坏了减仓的路上，我坚信看多","","https://guba.eastmoney.com/news,300308,1760050772.html"
1759992244,中性,创业板指,创业板指吧,192,7,2026-08-17 13:35:56,,"如果你赚钱了，不用谢我！","","https://guba.eastmoney.com/news,sz399006,1759992244.html"
1760090812,看多,上证指数,上证指数吧,188,2,2026-08-17 14:49:01,新高,"沪指新高试探压力，该怎么做？","","https://guba.eastmoney.com/news,sh000001,1760090812.html"
1759776259,中性,创业板指,上证指数吧,187,3,2026-08-17 10:18:43,,"我的10年炒股两茫茫，互补当初的我","","https://guba.eastmoney.com/news,sh000001,1759776259.html"
1760065683,看多,上证指数,上证指数吧,168,4,2026-08-17 14:31:08,牛市,"感谢了各位科技半导体本轮牛市赚了380万一共，全部套现财富自由了我在小县城房价4","","https://guba.eastmoney.com/news,sh000001,1760065683.html"
1760067242,看多,上证指数,半导体吧,159,2,2026-08-17 14:32:10,加仓|爆发,"半导体全线爆发，现在就是加仓窗口！","","https://guba.eastmoney.com/news,bk1036,1760067242.html"
1760059542,中性,上证指数,东山精密吧,154,1,2026-08-17 14:26:40,,"8.17看好收购索尔思，实现光芯片+光模块+PCB一体化，800G、1.6T高速","","https://guba.eastmoney.com/news,002384,1760059542.html"
1759908440,中性,创业板指,机器人概念吧,154,3,2026-08-17 11:53:29,,"★★★宇树上市前暗盘交易市值2000亿，有人预测宇树上市后市值将上3000亿元","","https://guba.eastmoney.com/news,bk1090,1759908440.html"
1759937622,看多,创业板指,名家汇吧,150,2,2026-08-17 12:55:29,反弹|放量,"题材带动放量反弹，守住支撑位持有即可","","https://guba.eastmoney.com/news,300506,1759937622.html"
1760093808,中性,上证指数,上证指数吧,149,6,2026-08-17 14:50:50,,"大阳线，没量，可惜了","","https://guba.eastmoney.com/news,sh000001,1760093808.html"
1759853226,中性,证券,证券Ⅱ吧,143,0,2026-08-17 11:01:15,,"只有die没有niang的板块是怎么出来的","","https://guba.eastmoney.com/news,bk0473,1759853226.html"
1760076875,看空,上证指数,上证指数吧,121,4,2026-08-17 14:39:12,跳水,"没量没人买也不敢跳水了，大数据在底裤看得见，难玩啊","","https://guba.eastmoney.com/news,sh000001,1760076875.html"
1760097932,中性,上证指数,三维通信吧,118,1,2026-08-17 14:53:16,,"好弱啊明天看情况卖了再等等看吧","","https://guba.eastmoney.com/news,002115,1760097932.html"
1759954946,中性,创业板指,创业板指吧,117,1,2026-08-17 13:09:25,,"会玩/！","","https://guba.eastmoney.com/news,sz399006,1759954946.html"
1760079538,中性,上证指数,上证指数吧,116,5,2026-08-17 14:41:10,,"明天不得套死啊","","https://guba.eastmoney.com/news,sh000001,1760079538.html"
1760092345,看多,上证指数,*ST岭南吧,114,2,2026-08-17 14:49:57,抄底,"江西瑞金一季度抄底st岭南，二季度抄底ST华谊","","https://guba.eastmoney.com/news,002717,1760092345.html"
1759795915,中性,证券,财富号评论吧,111,0,2026-08-17 10:28:55,,"证券类App7月份月活达1.87亿","","https://guba.eastmoney.com/news,cfhpl,1759795915.html"
1759854063,中性,创业板指,财富号评论吧,109,1,2026-08-17 11:01:42,,"不齐心，分歧加剧，A股重点盯这件事","","https://guba.eastmoney.com/news,cfhpl,1759854063.html"
1760085298,中性,上证指数,上证指数吧,107,0,2026-08-17 14:45:18,,"真神了！牛真的来了！","","https://guba.eastmoney.com/news,sh000001,1760085298.html"
1760086947,中性,上证指数,上证指数吧,106,7,2026-08-17 14:46:27,,"今天虽然赚钱，但没啥意思啊，普涨，闭着眼睛买都赚钱。提前下班吧","","https://guba.eastmoney.com/news,sh000001,1760086947.html"
1759798798,中性,证券,哈投股份吧,103,1,2026-08-17 10:30:23,,"绩优股券商国企改革PE14，PB0.85券商唯一小票绩优股，哈投股份全资子公司江","","https://guba.eastmoney.com/news,600864,1759798798.html"
1759903589,看空,白酒,白酒吧,98,0,2026-08-17 11:44:47,利空|杀跌,"A股今天最惨的板块诞生了，它就是白酒板块，双重利空引发跳空杀跌。15号，白酒龙头","","https://guba.eastmoney.com/news,bk0896,1759903589.html"
1760095655,看多,上证指数,ST华谊吧,89,0,2026-08-17 14:51:58,抄底,"银泰瑞金一季度抄底ST岭南，二季度抄底ST华谊这是什么神仙操作","","https://guba.eastmoney.com/news,300027,1760095655.html"
1760068264,看多,上证指数,上证指数吧,89,0,2026-08-17 14:32:53,牛市,"感谢本轮科技牛市让我30岁财富自由","","https://guba.eastmoney.com/news,sh000001,1760068264.html"
1760096460,中性,上证指数,上证指数吧,87,0,2026-08-17 14:52:26,,"关注里，最烂的票，都在我我手里","","https://guba.eastmoney.com/news,sh000001,1760096460.html"
1760090206,中性,上证指数,上证指数吧,87,0,2026-08-17 14:48:38,,"活不多说，支持一下","","https://guba.eastmoney.com/news,sh000001,1760090206.html"
1760085875,看空,上证指数,上证指数吧,85,5,2026-08-17 14:45:43,亏损,"今天亏损是不是不适合炒股了","","https://guba.eastmoney.com/news,sh000001,1760085875.html"
1760088359,中性,上证指数,上证指数吧,83,2,2026-08-17 14:47:24,,"拉冒烟，没什么量害怕","","https://guba.eastmoney.com/news,sh000001,1760088359.html"
1759725610,看多,证券,证券Ⅱ吧,83,7,2026-08-17 09:55:02,反弹,"请问别的板块都涨了好多，大盘也涨了好多，证券券商什么时候能反弹！！！所有投资者的","","https://guba.eastmoney.com/news,bk0473,1759725610.html"
1759966450,中性,创业板指,财富号评论吧,77,0,2026-08-17 13:17:22,,"ABF膜，突发砍单断供！半导体，对日反制！","","https://guba.eastmoney.com/news,cfhpl,1759966450.html"
1760017476,中性,创业板指,创业板指吧,76,0,2026-08-17 13:55:15,,"居然涨停了，强","","https://guba.eastmoney.com/news,sz399006,1760017476.html"
1759896441,看空,创业板指,创业板指吧,75,2,2026-08-17 11:33:34,诱多,"这里徘徊，明显就是诱多，准备好狂风暴雨吧","","https://guba.eastmoney.com/news,sz399006,1759896441.html"
1759938782,中性,创业板指,财富号评论吧,74,0,2026-08-17 12:58:59,,"下午大盘：4虎哥活筹，波段视觉","","https://guba.eastmoney.com/news,cfhpl,1759938782.html"
1759923779,看多,创业板指,创业板指吧,74,0,2026-08-17 12:25:27,吸筹,"@北京人力600861给到拉完，又是吸筹的一天","","https://guba.eastmoney.com/news,sz399006,1759923779.html"
1759857837,中性,创业板指,创业板指吧,74,1,2026-08-17 11:04:01,,"科技推动创业板指数涨幅度加速？新一周早盘90分钟盘面，以半导体CP0存储芯片、P","","https://guba.eastmoney.com/news,sz399006,1759857837.html"
1759930057,中性,创业板指,财富号评论吧,73,0,2026-08-17 12:38:43,,"下午大盘：2青岛鹏哥，迷途明灯","","https://guba.eastmoney.com/news,cfhpl,1759930057.html"
1759868900,中性,创业板指,创业板指吧,72,6,2026-08-17 11:11:44,,"八月科技天天涨啊，没停过","","https://guba.eastmoney.com/news,sz399006,1759868900.html"
1759783458,中性,创业板指,创业板指吧,72,0,2026-08-17 10:22:27,,"多牛比的市场，板块指数分分钟爆涨","","https://guba.eastmoney.com/news,sz399006,1759783458.html"
1760070389,中性,上证指数,上证指数吧,70,2,2026-08-17 14:34:28,,"从量上看，大A盘还将继续凯旋，直到万点！……","","https://guba.eastmoney.com/news,sh000001,1760070389.html"
1759914783,看多,创业板指,创业板指吧,70,2,2026-08-17 12:04:19,建仓,"维持观点不变：该反向etf净值低于3万都是建仓点，超百倍空间。今后那些几十倍的抱","","https://guba.eastmoney.com/news,sz399006,1759914783.html"
1760083457,中性,创业板指,创业板指吧,68,3,2026-08-17 14:44:02,,"创业板这一波准备冲6000了，大家坐稳扶好","","https://guba.eastmoney.com/news,sz399006,1760083457.html"
1759945430,中性,创业板指,创业板指吧,65,0,2026-08-17 13:02:03,,"很多人用拿科技股比美股估值高说事，以后中国科技的发展和和对科技产品的消纳会慢慢强","","https://guba.eastmoney.com/news,sz399006,1759945430.html"
1759861567,看空,创业板指,创业板指吧,65,0,2026-08-17 11:06:28,大跌|出货,"散户们全都注意：判断300333和300862明显肯定正在疯狂出货，大跌无疑，散","","https://guba.eastmoney.com/news,sz399006,1759861567.html"
1760087139,中性,上证指数,上证指数吧,63,0,2026-08-17 14:46:35,,"成交连续16天破2万亿，创业板都冲上3700了，这情绪是不是有点过热了？","","https://guba.eastmoney.com/news,sh000001,1760087139.html"
1760071609,看多,上证指数,上证指数吧,61,0,2026-08-17 14:35:26,放量|主力,"感觉都还没怎么涨4千点就要到了，今天放量2000亿，主力净额流入400亿，主要又","","https://guba.eastmoney.com/news,sh000001,1760071609.html"
1760063139,看空,上证指数,上证指数吧,61,3,2026-08-17 14:29:15,缩量,"兄弟们，缩量怎么看","","https://guba.eastmoney.com/news,sh000001,1760063139.html"
1759996575,中性,创业板指,创业板指吧,60,3,2026-08-17 13:39:10,,"根本挡不住了！谢谢牛来了！祝大A茁壮成长一路长虹……。厉害了！亚太市场上涨日经涨","","https://guba.eastmoney.com/news,sz399006,1759996575.html"
1759793808,中性,证券,证券Ⅱ吧,59,1,2026-08-17 10:27:56,,"我的心情很沉重——到了120分钟级别均线交汇点的尽头。而该级别的前低，就是周线图","","https://guba.eastmoney.com/news,bk0473,1759793808.html"
1760030997,看多,创业板指,创业板指吧,57,3,2026-08-17 14:05:38,牛来,"下了班去看牛来","","https://guba.eastmoney.com/news,sz399006,1760030997.html"
1759968504,中性,创业板指,创业板指吧,56,3,2026-08-17 13:18:52,,"我拿着什么垃圾，五个四个还是绿的，我无语了","","https://guba.eastmoney.com/news,sz399006,1759968504.html"
1759919675,中性,创业板指,创业板指吧,55,3,2026-08-17 12:15:56,抄底|满仓|空仓|诱多,"放弃幻想，一日游行情，诱多行情，继续空仓观望，不参与。等着3000点到了满仓抄底","","https://guba.eastmoney.com/news,sz399006,1759919675.html"
1759954667,中性,创业板指,创业板指吧,54,2,2026-08-17 13:09:15,,"怎么突然间拉易中天了","","https://guba.eastmoney.com/news,sz399006,1759954667.html"
1759974965,看多,创业板指,创业板指吧,52,2,2026-08-17 13:23:20,反弹|主力,"反弹很快就要结束了，主力好不容易把散户套在了光明顶上，还会去帮你解套吗？放弃幻想","","https://guba.eastmoney.com/news,sz399006,1759974965.html"
1760088323,中性,证券,证券Ⅱ吧,52,0,2026-08-17 14:47:23,,"怎么可能涨，近20日净流出倒数第一","","https://guba.eastmoney.com/news,bk0473,1760088323.html"
1760060430,看多,上证指数,上证指数吧,50,2,2026-08-17 14:27:19,牛来,"妈妈！牛来！牛来！","","https://guba.eastmoney.com/news,sh000001,1760060430.html"
1760080409,中性,创业板指,创业板指吧,50,1,2026-08-17 14:41:48,,"你们不要高兴太早。明天就知道什么是痛","","https://guba.eastmoney.com/news,sz399006,1760080409.html"
1759778341,中性,证券,证券Ⅱ吧,50,0,2026-08-17 10:19:41,,"6号买了一点大张旗鼓，此后大肆卖出视若无睹","","https://guba.eastmoney.com/news,bk0473,1759778341.html"
1760005218,中性,创业板指,创业板指吧,49,1,2026-08-17 13:45:47,,"宏昌科技重组+金刚石+半导体+机器人+宇树科技+张雪机车真牛逼","","https://guba.eastmoney.com/news,sz399006,1760005218.html"
1760002425,中性,创业板指,创业板指吧,49,0,2026-08-17 13:43:39,,"居然涨停了，强","","https://guba.eastmoney.com/news,sz399006,1760002425.html"
1759901725,看多,银行,银行Ⅱ吧,49,4,2026-08-17 11:41:32,护盘,"指数这样你还护盘？？？","","https://guba.eastmoney.com/news,bk0475,1759901725.html"
1760075956,看多,上证指数,上证指数吧,48,1,2026-08-17 14:38:40,牛来,"牛来，牛来！！！牛来8月5号上映，8月5号就开始“豹拉”了","","https://guba.eastmoney.com/news,sh000001,1760075956.html"
1760068165,看多,上证指数,上证指数吧,48,2,2026-08-17 14:32:50,暴涨,"大盘今天算是暴涨吧","","https://guba.eastmoney.com/news,sh000001,1760068165.html"
1760090268,中性,创业板指,创业板指吧,47,0,2026-08-17 14:48:40,,"好雨知时节，当春乃发生","","https://guba.eastmoney.com/news,sz399006,1760090268.html"
1759906738,看空,创业板指,创业板指吧,47,1,2026-08-17 11:50:41,大跌|出货,"判断300333、300862明显正在疯狂出货————下午应该肯定大跌无疑———","","https://guba.eastmoney.com/news,sz399006,1759906738.html"
1759902379,看多,创业板指,创业板指吧,47,2,2026-08-17 11:42:36,抄底|加仓|牛来,"牛来了，加仓抄底猛干了","","https://guba.eastmoney.com/news,sz399006,1759902379.html"
1760015359,中性,创业板指,创业板指吧,46,2,2026-08-17 13:53:38,,"长江材料据2026年7月1日机构调研，公司主要生产基地重庆同兴工厂清洁化生产技术","","https://guba.eastmoney.com/news,sz399006,1760015359.html"
1759998152,贪婪,创业板指,创业板指吧,46,0,2026-08-17 13:40:20,大牛|翻倍|翻倍,"大牛:低股价4元多的核电概念翻倍牛股：国内核电处理占有率第一股价！中电环保：转型","","https://guba.eastmoney.com/news,sz399006,1759998152.html"
1760088958,看多,上证指数,上证指数吧,45,1,2026-08-17 14:47:49,大涨,"A股今日大幅走强，沪指涨超1%，创业板接近3%，科创板大涨近4%。4200余家个","","https://guba.eastmoney.com/news,sh000001,1760088958.html"
1759820682,中性,创业板指,创业板指吧,45,0,2026-08-17 10:42:09,,"$创业板指(SZ399006)$","","https://guba.eastmoney.com/news,sz399006,1759820682.html"
1759994577,中性,创业板指,创业板指吧,44,2,2026-08-17 13:37:40,,"散户对科技极度狂热！","","https://guba.eastmoney.com/news,sz399006,1759994577.html"
1759892733,看多,创业板指,创业板指吧,44,2,2026-08-17 11:29:24,牛来,"真牛来？","","https://guba.eastmoney.com/news,sz399006,1759892733.html"
1760103590,中性,电力,协鑫能科吧,44,0,2026-08-17 14:56:30,,"还好换了别的股这个没牛的","","https://guba.eastmoney.com/news,002015,1760103590.html"
1760097267,看多,上证指数,上证指数吧,43,2,2026-08-17 14:52:55,新高,"尾盘都创出进期新高，并没有回落，不重要，重要的是，最迟下半周还有回调（看上周五帖","","https://guba.eastmoney.com/news,sh000001,1760097267.html"
1760009241,中性,创业板指,创业板指吧,43,0,2026-08-17 13:48:55,,"$创业板指(SZ399006)$","","https://guba.eastmoney.com/news,sz399006,1760009241.html"
1759978797,看空,创业板指,创业板指吧,43,4,2026-08-17 13:25:59,跳水,"2:30准时跳水看着吧","","https://guba.eastmoney.com/news,sz399006,1759978797.html"
1759844081,中性,创业板指,创业板指吧,43,2,2026-08-17 10:55:38,,"大家把非科技都卖了，去科技接盘","","https://guba.eastmoney.com/news,sz399006,1759844081.html"
1760009536,中性,创业板指,创业板指吧,42,3,2026-08-17 13:49:09,,"把钱往科技里面赶，一把收割","","https://guba.eastmoney.com/news,sz399006,1760009536.html"
1759954028,中性,创业板指,创业板指吧,42,1,2026-08-17 13:08:47,,"什么情况？大手笔拉伸","","https://guba.eastmoney.com/news,sz399006,1759954028.html"
1759819637,中性,创业板指,创业板指吧,42,0,2026-08-17 10:41:33,,"蓝箭电子收购事项落地。标的公司:成都芯翼·定位:国家级专精特新""小巨人""企业，专","","https://guba.eastmoney.com/news,sz399006,1759819637.html"
1759998741,中性,创业板指,创业板指吧,41,2,2026-08-17 13:40:48,,"有几个人能忍住不进，今天进了吗","","https://guba.eastmoney.com/news,sz399006,1759998741.html"
1759834761,看多,创业板指,创业板指吧,41,2,2026-08-17 10:50:11,新高,"创业板还会新高","","https://guba.eastmoney.com/news,sz399006,1759834761.html"
1760102122,恐慌,上证指数,上证指数吧,40,4,2026-08-17 14:55:39,暴跌|暴跌,"提示一点：现在需要寻找的是7月暴跌之前涨的最猛，但现在没怎么涨的中小票。我预计本","","https://guba.eastmoney.com/news,sh000001,1760102122.html"
1760077880,中性,上证指数,上证指数吧,40,2,2026-08-17 14:39:56,,"今天拉冒烟我的票还是绿的。明天更惨了。哎","","https://guba.eastmoney.com/news,sh000001,1760077880.html"
1759865403,中性,创业板指,创业板指吧,40,1,2026-08-17 11:09:14,主力|诱多,"主力为了套我甚至还诱多，用心良苦，没有量，这个位置就是空中楼阁，骗炮把戏","","https://guba.eastmoney.com/news,sz399006,1759865403.html"
1760082830,中性,上证指数,上证指数吧,39,1,2026-08-17 14:43:35,,"一涨，抖音上各种老师就出来了，跌的时候鸦雀无声而且那些老头还真信比如我爸","","https://guba.eastmoney.com/news,sh000001,1760082830.html"
1760068085,看多,上证指数,上证指数吧,39,1,2026-08-17 14:32:46,放量,"好有钱今天放量2000亿","","https://guba.eastmoney.com/news,sh000001,1760068085.html"
1760064958,中性,上证指数,上证指数吧,39,0,2026-08-17 14:30:38,,"不管收盘怎么样，盘中这几个数字很耐看","","https://guba.eastmoney.com/news,sh000001,1760064958.html"
1759964439,中性,创业板指,创业板指吧,39,2,2026-08-17 13:16:06,,"看着像存量资金自救，我刚看了旅游和零售都没反应，没有抽走他们的资金","","https://guba.eastmoney.com/news,sz399006,1759964439.html"
1759876546,中性,创业板指,创业板指吧,39,0,2026-08-17 11:17:21,,"指数一跌，个股纷纷跃跃欲试，涨了起来！！！...................","","https://guba.eastmoney.com/news,sz399006,1759876546.html"
1759765381,看空,创业板指,创业板指吧,39,2,2026-08-17 10:13:10,清仓,"国家队都清仓茅台了，证明只有科技是硬逻辑，其他都不用看。","","https://guba.eastmoney.com/news,sz399006,1759765381.html"
1760102412,中性,上证指数,上证指数吧,38,2,2026-08-17 14:55:50,,"一部垃圾电影居然修正了情绪","","https://guba.eastmoney.com/news,sh000001,1760102412.html"
1760098814,看多,上证指数,上证指数吧,38,1,2026-08-17 14:53:48,牛来,"牛来带起来大A？","","https://guba.eastmoney.com/news,sh000001,1760098814.html"
1760089719,中性,上证指数,上证指数吧,38,1,2026-08-17 14:48:19,,"你的本，回到4000点的时候没有？","","https://guba.eastmoney.com/news,sh000001,1760089719.html"
1760046976,看多,创业板指,创业板指吧,38,1,2026-08-17 14:17:43,反弹,"指数反弹一半了。科技砸下来的账户回去一半了吗","","https://guba.eastmoney.com/news,sz399006,1760046976.html"
1759989303,看多,证券,证券Ⅱ吧,38,3,2026-08-17 13:33:40,主力,"量太小，起不来，这不是重点，重点是近半年根本没有主力资金关注，要做庄从布局开始，","","https://guba.eastmoney.com/news,bk0473,1759989303.html"
1759745152,中性,电力,电力吧,38,1,2026-08-17 10:03:34,,"立秋将至，弃电买谷","","https://guba.eastmoney.com/news,bk0428,1759745152.html"
1760090733,看多,上证指数,上证指数吧,37,1,2026-08-17 14:48:58,牛来,"牛来了没有啊！兄弟们！","","https://guba.eastmoney.com/news,sh000001,1760090733.html"
1760056340,中性,创业板指,创业板指吧,37,2,2026-08-17 14:24:26,,"大A就一条裤子，今天科技穿去出了，其他的都光腚在家待着","","https://guba.eastmoney.com/news,sz399006,1760056340.html"
1759980493,中性,创业板指,创业板指吧,37,1,2026-08-17 13:27:12,,"抢筹开始了","","https://guba.eastmoney.com/news,sz399006,1759980493.html"
1759979141,中性,创业板指,创业板指吧,37,0,2026-08-17 13:26:14,,"如果科技和老登二选一，我选择科技！站在光里死总比站在酒里光荣！跟着国家队冲","","https://guba.eastmoney.com/news,sz399006,1759979141.html"
1759951995,中性,创业板指,创业板指吧,37,2,2026-08-17 13:07:18,,"太恐怖了吧","","https://guba.eastmoney.com/news,sz399006,1759951995.html"
1759827738,中性,创业板指,创业板指吧,37,1,2026-08-17 10:46:09,,"科技今天真要卖了","","https://guba.eastmoney.com/news,sz399006,1759827738.html"
1760078039,中性,上证指数,上证指数吧,36,1,2026-08-17 14:40:04,,"起初人们都以为这是一场普通的电影","","https://guba.eastmoney.com/news,sh000001,1760078039.html"
1760049498,中性,创业板指,创业板指吧,36,3,2026-08-17 14:19:35,,"别拉了，把科技拉上天有啥用","","https://guba.eastmoney.com/news,sz399006,1760049498.html"
1759916681,中性,创业板指,创业板指吧,36,2,2026-08-17 12:08:31,,"我很久没有看过电影，今晚要去买张电影票了","","https://guba.eastmoney.com/news,sz399006,1759916681.html"
1759896804,中性,创业板指,上证指数吧,36,0,2026-08-17 11:34:06,,"我们要大力发展，完善Token贷，让企业用的上，用的起AI","","https://guba.eastmoney.com/news,sh000001,1759896804.html"
1759916549,中性,证券,证券Ⅱ吧,36,0,2026-08-17 12:08:11,,"我是认为本周上证指数会到达40XX形成短顶（然后会回调一两周）。那么如果本周券商","","https://guba.eastmoney.com/news,bk0473,1759916549.html"
1759639234,看空,电力,电力吧,36,0,2026-08-17 09:22:59,利空,"电力板块进入长期利空","","https://guba.eastmoney.com/news,bk0428,1759639234.html"
1760067377,中性,上证指数,上证指数吧,35,2,2026-08-17 14:32:16,,"我的已经调了，还剩0.5的涨幅","","https://guba.eastmoney.com/news,sh000001,1760067377.html"
1759820882,贪婪,创业板指,创业板指吧,35,1,2026-08-17 10:42:15,全仓,"全仓科技的这个月赚麻了估计","","https://guba.eastmoney.com/news,sz399006,1759820882.html"
1759815261,看多,创业板指,创业板指吧,35,0,2026-08-17 10:39:04,主力,"科技牛逼！感谢主力和国家队，这月赚麻了","","https://guba.eastmoney.com/news,sz399006,1759815261.html"
1759750690,中性,创业板指,创业板指吧,35,0,2026-08-17 10:06:00,,"呵呵半小时都没坚，持到就，被咂，绿了一帮憨，件可算是赢了啊，无限子弹也要，咂下，","","https://guba.eastmoney.com/news,sz399006,1759750690.html"
1760102327,中性,上证指数,上证指数吧,34,0,2026-08-17 14:55:47,,"朋友们又狂欢了。","","https://guba.eastmoney.com/news,sh000001,1760102327.html"
1760074533,中性,上证指数,上证指数吧,34,1,2026-08-17 14:37:43,,"科技股这三周涨疯了，可见科技板块里面机构庄家量化赌徒们吃了太多太多筹码","","https://guba.eastmoney.com/news,sh000001,1760074533.html"
1760066392,看空,上证指数,上证指数吧,34,1,2026-08-17 14:31:36,跳水,"两点半了，还不跳水吗？那么牛","","https://guba.eastmoney.com/news,sh000001,1760066392.html"
1759988248,中性,创业板指,创业板指吧,34,1,2026-08-17 13:32:52,,"又是易中天！","","https://guba.eastmoney.com/news,sz399006,1759988248.html"
1759752108,中性,创业板指,创业板指吧,34,2,2026-08-17 10:06:41,,"有病啊，除了无脑报团拉科技，就不能干点别的吗，草","","https://guba.eastmoney.com/news,sz399006,1759752108.html"
1760104421,看多,上证指数,上证指数吧,33,3,2026-08-17 14:57:01,牛来,"都欠牛来一张电影票，下班自觉都去看了，不然就是牛去来了","","https://guba.eastmoney.com/news,sh000001,1760104421.html"
1760093273,看空,创业板指,创业板指吧,33,2,2026-08-17 14:50:30,大跌|无量,"无量空涨，明天大跌","","https://guba.eastmoney.com/news,sz399006,1760093273.html"
1760034890,中性,创业板指,创业板指吧,33,1,2026-08-17 14:08:46,,"散户主动接盘半仓不然一直拉伪科技","","https://guba.eastmoney.com/news,sz399006,1760034890.html"
1759949657,中性,创业板指,创业板指吧,33,1,2026-08-17 13:05:30,,"这点量拉这么高?","","https://guba.eastmoney.com/news,sz399006,1759949657.html"
1759861643,中性,创业板指,创业板指吧,33,1,2026-08-17 11:06:32,,"半仓白酒半仓科技，今日白酒吃大面","","https://guba.eastmoney.com/news,sz399006,1759861643.html"
1760060640,看多,证券,哈投股份吧,33,0,2026-08-17 14:27:29,主力,"徐开东主力券商关注三个主力哈投股份华安证券东吴证券","","https://guba.eastmoney.com/news,600864,1760060640.html"
1760101188,中性,上证指数,上证指数吧,32,1,2026-08-17 14:55:12,,"今天赚钱的人不得去贡献一张","","https://guba.eastmoney.com/news,sh000001,1760101188.html"
1760094039,恐慌,上证指数,上证指数吧,32,1,2026-08-17 14:50:59,腰斩,"指数回4000了，钱没了，腰斩了","","https://guba.eastmoney.com/news,sh000001,1760094039.html"
1760084708,看空,上证指数,上证指数吧,32,2,2026-08-17 14:44:54,大跌,"今天只有电力大跌","","https://guba.eastmoney.com/news,sh000001,1760084708.html"
1760084058,中性,上证指数,上证指数吧,32,0,2026-08-17 14:44:27,,"今天~真好！","","https://guba.eastmoney.com/news,sh000001,1760084058.html"
1760072586,中性,上证指数,上证指数吧,32,1,2026-08-17 14:36:11,,"服了，为什么我的个股都是绿油油的？","","https://guba.eastmoney.com/news,sh000001,1760072586.html"
1760066000,中性,上证指数,上证指数吧,32,2,2026-08-17 14:31:20,,"今天咋这么奇怪，还不开始跳","","https://guba.eastmoney.com/news,sh000001,1760066000.html"
1759990188,看多,创业板指,创业板指吧,32,1,2026-08-17 13:34:21,牛来,"这不是牛来这是","","https://guba.eastmoney.com/news,sz399006,1759990188.html"
1759983263,中性,创业板指,创业板指吧,32,1,2026-08-17 13:29:09,,"天天这样骗炮，总有一天会被套","","https://guba.eastmoney.com/news,sz399006,1759983263.html"
1759837015,看多,创业板指,创业板指吧,32,2,2026-08-17 10:51:32,满仓,"给我爆拉，满仓感觉真爽","","https://guba.eastmoney.com/news,sz399006,1759837015.html"
1759822276,中性,创业板指,创业板指吧,32,1,2026-08-17 10:43:06,,"科技救不了全部散户只有加入科技抢吃的才是活路！","","https://guba.eastmoney.com/news,sz399006,1759822276.html"
1760074025,恐慌,上证指数,上证指数吧,31,1,2026-08-17 14:37:18,完了,"天天拉科技，没完了","","https://guba.eastmoney.com/news,sh000001,1760074025.html"
1760072983,看多,上证指数,上证指数吧,31,0,2026-08-17 14:36:30,牛来,"牛来，没量","","https://guba.eastmoney.com/news,sh000001,1760072983.html"
1760062219,中性,上证指数,上证指数吧,31,3,2026-08-17 14:28:37,,"今日任务完成、明天再来！","","https://guba.eastmoney.com/news,sh000001,1760062219.html"
1760059865,中性,上证指数,上证指数吧,31,1,2026-08-17 14:26:55,,"这样的市场。真牛，真牛啊","","https://guba.eastmoney.com/news,sh000001,1760059865.html"
1759866215,看多,创业板指,创业板指吧,31,1,2026-08-17 11:09:49,红盘,"因赛集团AI产业筹午前快速回升红盘转涨","","https://guba.eastmoney.com/news,sz399006,1759866215.html"
1759853370,看多,创业板指,创业板指吧,31,1,2026-08-17 11:01:20,启动,"再次启动往4000出发","","https://guba.eastmoney.com/news,sz399006,1759853370.html"
1759758521,看多,创业板指,创业板指吧,31,2,2026-08-17 10:09:50,牛市,"半导体把牛市绊倒了，半导体落牛市起","","https://guba.eastmoney.com/news,sz399006,1759758521.html"
1759794287,看空,证券,证券Ⅱ吧,31,2,2026-08-17 10:28:09,下跌|无量,"你们发现没有，市场很多股不动了，几分钱上下，要么就是无量下跌，不对劲，资金去哪了","","https://guba.eastmoney.com/news,bk0473,1759794287.html"
1759874161,中性,银行,银行Ⅱ吧,31,0,2026-08-17 11:15:35,,"必然会拉银行的，因为拉开银行的30年月线，是很明显的3个大周期，第一个上拉周期2","","https://guba.eastmoney.com/news,bk0475,1759874161.html"
1759683699,中性,银行,银行Ⅱ吧,31,2,2026-08-17 09:39:00,,"银行概念继续向下就行了。别拉啊，最怕这个拉起来。","","https://guba.eastmoney.com/news,bk0475,1759683699.html"
1759717403,中性,电力,电力吧,31,1,2026-08-17 09:51:34,大涨|大跌,"科技大涨被吸血，科技大跌跟着跌","","https://guba.eastmoney.com/news,bk0428,1759717403.html"
1760082936,中性,上证指数,ST信源吧,30,1,2026-08-17 14:43:41,,"ST信源即将开启连续涨.停","","https://guba.eastmoney.com/news,300352,1760082936.html"
1760075994,看多,上证指数,上证指数吧,30,2,2026-08-17 14:38:41,牛来|牛真来,"大聪明拍了个牛来，牛真来了就牛逼，熊来了就掉坑了","","https://guba.eastmoney.com/news,sh000001,1760075994.html"
1760067402,看空,上证指数,上证指数吧,30,1,2026-08-17 14:32:18,跳水,"2点半是量化开关，每天必跳水","","https://guba.eastmoney.com/news,sh000001,1760067402.html"
1760040238,看空,创业板指,创业板指吧,30,1,2026-08-17 14:12:56,跳水,"今天不跳水了","","https://guba.eastmoney.com/news,sz399006,1760040238.html"
1760002788,看多,创业板指,创业板指吧,30,0,2026-08-17 13:43:56,机会|上车,"哈哈，全面爆拉，不给韭菜上车机会","","https://guba.eastmoney.com/news,sz399006,1760002788.html"
1759829960,贪婪,创业板指,创业板指吧,30,1,2026-08-17 10:47:24,梭哈|牛来|梭哈,"牛来！梭哈","","https://guba.eastmoney.com/news,sz399006,1759829960.html"
1759917684,中性,电力,电力吧,30,1,2026-08-17 12:11:00,,"科技不跌，电力不起，耐心点，快了","","https://guba.eastmoney.com/news,bk0428,1759917684.html"
1760080463,看空,上证指数,上证指数吧,29,1,2026-08-17 14:41:50,跳水,"什么情况，这次不跳水了？","","https://guba.eastmoney.com/news,sh000001,1760080463.html"
1759996275,中性,创业板指,创业板指吧,29,1,2026-08-17 13:38:55,,"好了伤疤忘了疼","","https://guba.eastmoney.com/news,sz399006,1759996275.html"
1759955468,看多,创业板指,创业板指吧,29,1,2026-08-17 13:09:49,牛来,"妈妈，牛来了","","https://guba.eastmoney.com/news,sz399006,1759955468.html"
1759931407,看多,创业板指,创业板指吧,29,1,2026-08-17 12:41:16,牛来,"本来今天要跌的，因为牛来涨了这么多！！！","","https://guba.eastmoney.com/news,sz399006,1759931407.html"
1759911469,看多,创业板指,创业板指吧,29,2,2026-08-17 11:58:31,牛来,"谢谢牛来！祝股市茁壮成长一路长虹……","","https://guba.eastmoney.com/news,sz399006,1759911469.html"
1759836312,中性,创业板指,创业板指吧,29,2,2026-08-17 10:51:07,,"科技股再怎么拉也不买一股。","","https://guba.eastmoney.com/news,sz399006,1759836312.html"
1759754885,看多,创业板指,创业板指吧,29,0,2026-08-17 10:08:00,拉升,"资金继续拉升。能不能持续不清楚，反正要选择方向！","","https://guba.eastmoney.com/news,sz399006,1759754885.html"
1759934027,中性,创业板指,创业板指吧,28,0,2026-08-17 12:46:31,,"收购成都芯翼后的产业链升级。收购完成后，蓝箭电子从纯封测代工升级为""芯片设计+半","","https://guba.eastmoney.com/news,sz399006,1759934027.html"
1759897882,看多,创业板指,创业板指吧,28,0,2026-08-17 11:35:27,牛来,"牛来，速归速归","","https://guba.eastmoney.com/news,sz399006,1759897882.html"
1759881673,看多,创业板指,创业板指吧,28,1,2026-08-17 11:21:14,拉升,"下午加速拉升，拿稳扶好","","https://guba.eastmoney.com/news,sz399006,1759881673.html"
1760104865,看空,上证指数,上证指数吧,27,2,2026-08-17 14:57:28,跳水,"今天竟然没跳水，真是难得啊","","https://guba.eastmoney.com/news,sh000001,1760104865.html"
1760100209,中性,上证指数,上证指数吧,27,1,2026-08-17 14:54:37,,"这个量能柱是不是有问题？","","https://guba.eastmoney.com/news,sh000001,1760100209.html"
1760092710,中性,上证指数,上证指数吧,27,1,2026-08-17 14:50:09,,"今天直接4000怎么样","","https://guba.eastmoney.com/news,sh000001,1760092710.html"
1760092181,看多,上证指数,上证指数吧,27,2,2026-08-17 14:49:49,看涨,"站上年线看涨","","https://guba.eastmoney.com/news,sh000001,1760092181.html"
1760089445,中性,上证指数,上证指数吧,27,1,2026-08-17 14:48:06,,"明天能冲4000？","","https://guba.eastmoney.com/news,sh000001,1760089445.html"
1760073352,看多,上证指数,上证指数吧,27,0,2026-08-17 14:36:49,牛来,"大家一起喊“妈妈，牛来”","","https://guba.eastmoney.com/news,sh000001,1760073352.html"
1760104658,看多,创业板指,创业板指吧,27,1,2026-08-17 14:57:15,牛来,"《牛来》这个电影一共86分钟，开头一只鸟飞了5分钟寓意集合竞价休盘5分钟，我就敢","","https://guba.eastmoney.com/news,sz399006,1760104658.html"
1760010295,看多,创业板指,创业板指吧,27,1,2026-08-17 13:49:44,牛来,"银行科技一起涨，牛来了","","https://guba.eastmoney.com/news,sz399006,1760010295.html"
1759953752,中性,创业板指,创业板指吧,27,1,2026-08-17 13:08:34,,"爆拉啊","","https://guba.eastmoney.com/news,sz399006,1759953752.html"
1759921345,看空,创业板指,创业板指吧,27,0,2026-08-17 12:19:50,亏钱,"涨了就要卖，不然又要亏钱。不要想赚多少，少亏当赢，你没有可能赚。","","https://guba.eastmoney.com/news,sz399006,1759921345.html"
1759828901,中性,创业板指,创业板指吧,27,1,2026-08-17 10:46:47,,"整天炒冷饭最后谁都不想接最后一班岗","","https://guba.eastmoney.com/news,sz399006,1759828901.html"
1759865804,中性,证券,证券Ⅱ吧,27,1,2026-08-17 11:09:31,,"招商证券2026年三季度单季归母净利润预计在160亿-185亿元区间，前三季度累","","https://guba.eastmoney.com/news,bk0473,1759865804.html"
1759795008,中性,证券,证券Ⅱ吧,27,2,2026-08-17 10:28:28,,"只有散户赚了钱，才能带动消费，才能带动经济，而不是只有补贴","","https://guba.eastmoney.com/news,bk0473,1759795008.html"
1759667388,中性,证券,证券Ⅱ吧,27,1,2026-08-17 09:33:35,,"有事没事，先砸证券准没错","","https://guba.eastmoney.com/news,bk0473,1759667388.html"
1760071742,看空,上证指数,上证指数吧,26,1,2026-08-17 14:35:32,跳水,"两点半，跳水开启，郭嘉队量化上班！","","https://guba.eastmoney.com/news,sh000001,1760071742.html"
1760068986,中性,创业板指,创业板指吧,26,1,2026-08-17 14:33:27,,"哈哈，韭菜花都在躲牛市","","https://guba.eastmoney.com/news,sz399006,1760068986.html"
1760023104,看多,创业板指,创业板指吧,26,1,2026-08-17 13:59:29,机会,"最后的逃命机会","","https://guba.eastmoney.com/news,sz399006,1760023104.html"
1759974420,看空,创业板指,创业板指吧,26,1,2026-08-17 13:22:58,跳水,"这货会不会又要跳水","","https://guba.eastmoney.com/news,sz399006,1759974420.html"
1759955396,贪婪,创业板指,创业板指吧,26,0,2026-08-17 13:09:46,利好|火箭,"突发大利好，商业航天同频共振，长征二号丙运载火箭发射成功","","https://guba.eastmoney.com/news,sz399006,1759955396.html"
1759950636,中性,创业板指,创业板指吧,26,0,2026-08-17 13:06:16,,"为什么我眼里常含泪水","","https://guba.eastmoney.com/news,sz399006,1759950636.html"
1759845414,中性,创业板指,创业板指吧,26,1,2026-08-17 10:56:27,,"天天就涨那老三样呗","","https://guba.eastmoney.com/news,sz399006,1759845414.html"
1759945770,中性,银行,银行Ⅱ吧,26,1,2026-08-17 13:02:22,,"大盘这么热，看不到？","","https://guba.eastmoney.com/news,bk0475,1759945770.html"
1759963905,中性,电力,电力吧,26,2,2026-08-17 13:15:42,,"电力垃圾！","","https://guba.eastmoney.com/news,bk0428,1759963905.html"
1760100517,看多,上证指数,上证指数吧,25,2,2026-08-17 14:54:50,牛来,"玩了，牛来票房得破亿了","","https://guba.eastmoney.com/news,sh000001,1760100517.html"
1760096325,看多,上证指数,上证指数吧,25,2,2026-08-17 14:52:23,暴涨,"普涨行情对我其实不好搞的一点，是我根本看不出第二天哪只会大概率暴涨的票，因为都在","","https://guba.eastmoney.com/news,sh000001,1760096325.html"
1760088107,看多,上证指数,上证指数吧,25,0,2026-08-17 14:47:13,牛来,"早上封着不让发电影“牛来”","","https://guba.eastmoney.com/news,sh000001,1760088107.html"
1760085363,中性,上证指数,上证指数吧,25,0,2026-08-17 14:45:21,,"这次机构资本真敢投资！真下血本！真敢上啊！机构资本真的很强投资意识！很格局！","","https://guba.eastmoney.com/news,sh000001,1760085363.html"
1760080555,中性,上证指数,上证指数吧,25,0,2026-08-17 14:41:54,,"反复进攻年线失败，建议看到这条的人落袋为安一部分，后续会面临幅度更大的调整","","https://guba.eastmoney.com/news,sh000001,1760080555.html"
1760063137,看空,上证指数,上证指数吧,25,2,2026-08-17 14:29:15,跳水,"马上两点半，准备跳水表演","","https://guba.eastmoney.com/news,sh000001,1760063137.html"
1760081015,中性,创业板指,创业板指吧,25,1,2026-08-17 14:42:16,,"不要喝酒了，要追科技股，快点，不要到最后埋单","","https://guba.eastmoney.com/news,sz399006,1760081015.html"
1760065273,看多,创业板指,创业板指吧,25,1,2026-08-17 14:30:51,牛来,"牛来，牛来。","","https://guba.eastmoney.com/news,sz399006,1760065273.html"
1760028485,恐慌,创业板指,创业板指吧,25,2,2026-08-17 14:03:38,高位|腰斩,"高位垃圾股科技股接下来回腰斩再腰斩","","https://guba.eastmoney.com/news,sz399006,1760028485.html"
1759944893,看多,创业板指,创业板指吧,25,0,2026-08-17 13:01:29,牛来,"《牛来》，我欠你一张票！呲牙","","https://guba.eastmoney.com/news,sz399006,1759944893.html"
1759804797,中性,创业板指,创业板指吧,25,0,2026-08-17 10:33:32,,"新增天然气概念","","https://guba.eastmoney.com/news,sz399006,1759804797.html"
1759961208,中性,证券,证券Ⅱ吧,25,0,2026-08-17 13:13:46,,"大盘要上四千点，证券一直在拼了命的压。这是一个什么逻辑？","","https://guba.eastmoney.com/news,bk0473,1759961208.html"
1759925144,中性,电力,电力吧,25,0,2026-08-17 12:28:56,,"电力板块如果今日k线形成倒锤线，板块会重拾信心！","","https://guba.eastmoney.com/news,bk0428,1759925144.html"
1760101944,看多,上证指数,上证指数吧,24,2,2026-08-17 14:55:34,牛来,"下班了，看牛来咯","","https://guba.eastmoney.com/news,sh000001,1760101944.html"
1760098552,中性,上证指数,上证指数吧,24,1,2026-08-17 14:53:38,,"今天到现在还是亏的","","https://guba.eastmoney.com/news,sh000001,1760098552.html"
1760096676,看多,上证指数,上证指数吧,24,1,2026-08-17 14:52:34,牛来,"给我都去看牛来","","https://guba.eastmoney.com/news,sh000001,1760096676.html"
1760081762,看多,上证指数,上证指数吧,24,0,2026-08-17 14:42:48,牛来,"牛来！牛真的来了","","https://guba.eastmoney.com/news,sh000001,1760081762.html"
1760065275,看多,上证指数,上证指数吧,24,0,2026-08-17 14:30:51,新高|放量,"日内上证进入阶段新高，直指3996一线缺口，慢涨慢放量，市场有分歧也有兑现，这种","","https://guba.eastmoney.com/news,sh000001,1760065275.html"
1760078146,中性,创业板指,创业板指吧,24,1,2026-08-17 14:40:09,,"快收盘快收盘怕你坚持不住啊","","https://guba.eastmoney.com/news,sz399006,1760078146.html"
1759913412,看多,创业板指,创业板指吧,24,0,2026-08-17 12:01:58,牛来,"今天创业板收盘红3个点以上，，下班去看牛来，立帖为证。","","https://guba.eastmoney.com/news,sz399006,1759913412.html"
1759902159,中性,创业板指,创业板指吧,24,1,2026-08-17 11:42:14,,"然后","","https://guba.eastmoney.com/news,sz399006,1759902159.html"
1759896208,中性,创业板指,创业板指吧,24,0,2026-08-17 11:33:15,,"牛妈妈救了爆拉？这电影真有说法","","https://guba.eastmoney.com/news,sz399006,1759896208.html"
1759864809,中性,创业板指,创业板指吧,24,0,2026-08-17 11:08:47,,"科技多少获利盘了，还在报团，真畸形","","https://guba.eastmoney.com/news,sz399006,1759864809.html"
1759858130,中性,创业板指,创业板指吧,24,0,2026-08-17 11:04:13,,"牛逼啊，买的锂矿、证券、医疗不管你大盘怎么涨啊，只管自己跌就行了","","https://guba.eastmoney.com/news,sz399006,1759858130.html"
1759840599,看多,创业板指,创业板指吧,24,0,2026-08-17 10:53:36,牛来,"牛来牛来牛来牛来牛来牛来牛来牛来牛来牛来牛来牛来牛来牛来牛来牛来牛来牛来牛来牛来","","https://guba.eastmoney.com/news,sz399006,1759840599.html"
1759821247,中性,创业板指,创业板指吧,24,0,2026-08-17 10:42:27,,"不拉中际你，拉了中际就会红，是吧，甘恁酿","","https://guba.eastmoney.com/news,sz399006,1759821247.html"
1760052921,中性,证券,证券Ⅱ吧,24,1,2026-08-17 14:22:06,,"哈哈，买券商，倒霉吧！！","","https://guba.eastmoney.com/news,bk0473,1760052921.html"
1759827956,中性,证券,证券Ⅱ吧,24,1,2026-08-17 10:46:15,,"你的1000元相当于我的100元。 不过现在的情况就是这样，上证指数是确定要往上","","https://guba.eastmoney.com/news,bk0473,1759827956.html"
1759670525,恐慌,酿酒,酿酒概念吧,24,0,2026-08-17 09:34:41,暴跌|大跌|暴跌,"确实没想到白酒这么快又大跌。中报才开始。中秋国庆还有这么久。就这么快提前暴跌。科","","https://guba.eastmoney.com/news,bk0477,1759670525.html"
1759700242,中性,电力,电力吧,24,0,2026-08-17 09:44:50,,"下雨米拉电力。有没有搞错。瞎搞。","","https://guba.eastmoney.com/news,bk0428,1759700242.html"
1759716283,恐慌,半导体,半导体概念吧,24,0,2026-08-17 09:51:08,腰斩,"追高半导体，被腰斩，现在又来，再追再腰斩","","https://guba.eastmoney.com/news,bk0917,1759716283.html"
1759877008,看空,医药生物,医药生物吧,24,0,2026-08-17 11:17:43,出货,"医药医疗板块今天拉高出货，，，短线资金进入互联网，国产软件板块，轮换开始！","","https://guba.eastmoney.com/news,bk1216,1759877008.html"
1760097425,中性,上证指数,上证指数吧,23,1,2026-08-17 14:53:01,,"明天一锅闷","","https://guba.eastmoney.com/news,sh000001,1760097425.html"
1760088413,看多,上证指数,上证指数吧,23,1,2026-08-17 14:47:27,牛来,"晚上牛来走起","","https://guba.eastmoney.com/news,sh000001,1760088413.html"
1760072951,中性,上证指数,上证指数吧,23,0,2026-08-17 14:36:28,,"周五股指交割，大幅震荡必然","","https://guba.eastmoney.com/news,sh000001,1760072951.html"
1760034630,看多,创业板指,创业板指吧,23,0,2026-08-17 14:08:34,牛来,"机构看了牛来","","https://guba.eastmoney.com/news,sz399006,1760034630.html"
1760032238,中性,创业板指,创业板指吧,23,0,2026-08-17 14:06:37,,"磷化铟全球短缺7成，可以说极其短缺。铟没有矿，只能是锌矿冶炼的伴生品。目前国内的","","https://guba.eastmoney.com/news,sz399006,1760032238.html"
1759997699,看多,创业板指,创业板指吧,23,0,2026-08-17 13:40:02,牛来,"牛来的含金量还在上升","","https://guba.eastmoney.com/news,sz399006,1759997699.html"
1759968636,中性,创业板指,创业板指吧,23,0,2026-08-17 13:18:58,,"有意思一部电影就涨，今天进不被套才怪，电影那么烂","","https://guba.eastmoney.com/news,sz399006,1759968636.html"
1759947486,看多,创业板指,创业板指吧,23,0,2026-08-17 13:03:51,牛来,"牛来了吗？","","https://guba.eastmoney.com/news,sz399006,1759947486.html"
1759921309,中性,创业板指,创业板指吧,23,0,2026-08-17 12:19:44,,"主题还是在浙里到星期三上午10点半右左（告一结束），也许有会去小a大登服上去玩","","https://guba.eastmoney.com/news,sz399006,1759921309.html"
1759893917,中性,创业板指,创业板指吧,23,0,2026-08-17 11:30:25,,"永远跌不下去了一点都跌不下去了","","https://guba.eastmoney.com/news,sz399006,1759893917.html"
1759861129,中性,创业板指,创业板指吧,23,0,2026-08-17 11:06:11,,"正如本人所料，大盘进入上涨节奏。。不必担心下午。。继续涨。","","https://guba.eastmoney.com/news,sz399006,1759861129.html"
1759801289,中性,创业板指,创业板指吧,23,0,2026-08-17 10:31:39,,"量化形不成合力，混沌行情","","https://guba.eastmoney.com/news,sz399006,1759801289.html"
1759765435,中性,创业板指,创业板指吧,23,1,2026-08-17 10:13:11,,"科技不歇菜，其它就起不来","","https://guba.eastmoney.com/news,sz399006,1759765435.html"
1759883655,中性,证券,证券Ⅱ吧,23,0,2026-08-17 11:22:44,,"亨通光电一个股比券商板块成交量还大","","https://guba.eastmoney.com/news,bk0473,1759883655.html"
1759892015,中性,银行,银行Ⅱ吧,23,0,2026-08-17 11:28:51,,"摩根大通2.6倍市净率，净资产收益率15%，负债率93%。对比四大行+招行这最大","","https://guba.eastmoney.com/news,bk0475,1759892015.html"
1759902751,中性,电力,电力吧,23,0,2026-08-17 11:43:18,,"只有你还绿着了","","https://guba.eastmoney.com/news,bk0428,1759902751.html"
1760088451,中性,上证指数,上证指数吧,22,1,2026-08-17 14:47:29,,"谁又追涨了？哎呦喂~~~~~~~","","https://guba.eastmoney.com/news,sh000001,1760088451.html"
1760080049,看空,上证指数,上证指数吧,22,0,2026-08-17 14:41:32,下跌|亏损,"大盘上涨可是我依然亏损，4只上涨都是一两分钱，下跌的4只都是1毛到2毛多，涨的买","","https://guba.eastmoney.com/news,sh000001,1760080049.html"
1760040638,看多,创业板指,创业板指吧,22,1,2026-08-17 14:13:13,大涨,"今天涨的，明天全部跌。今天跌到，明天全部大涨","","https://guba.eastmoney.com/news,sz399006,1760040638.html"
1760040164,看空,创业板指,创业板指吧,22,0,2026-08-17 14:12:52,出货,"判断300333、300862肯定正在疯狂出货，现在肯定是散户们最后一分钟逃跑机","","https://guba.eastmoney.com/news,sz399006,1760040164.html"
1759977230,看多,创业板指,创业板指吧,22,0,2026-08-17 13:24:55,牛来,"牛来，冲鸭","","https://guba.eastmoney.com/news,sz399006,1759977230.html"
1759976407,中性,创业板指,创业板指吧,22,0,2026-08-17 13:24:20,,"这是韭菜都躺平了，扶起来再割一遍","","https://guba.eastmoney.com/news,sz399006,1759976407.html"
1759963126,中性,创业板指,创业板指吧,22,0,2026-08-17 13:15:07,,"今天棒哥哥休息了，出不了货拉高出？","","https://guba.eastmoney.com/news,sz399006,1759963126.html"
1759935331,看多,创业板指,创业板指吧,22,0,2026-08-17 12:49:24,牛来,"牛来，继续给我冲","","https://guba.eastmoney.com/news,sz399006,1759935331.html"
1759892027,中性,创业板指,创业板指吧,22,0,2026-08-17 11:28:52,,"下午要T4500亿出来，自己看着办。","","https://guba.eastmoney.com/news,sz399006,1759892027.html"
1759830439,中性,创业板指,创业板指吧,22,1,2026-08-17 10:47:41,,"科技牛又来了，冲啊","","https://guba.eastmoney.com/news,sz399006,1759830439.html"
1759803581,看多,创业板指,创业板指吧,22,1,2026-08-17 10:32:53,满仓|主力,"满仓科技，等主力助力上涨","","https://guba.eastmoney.com/news,sz399006,1759803581.html"
1759788699,中性,创业板指,创业板指吧,22,0,2026-08-17 10:25:15,,"别装了，下来吧你","","https://guba.eastmoney.com/news,sz399006,1759788699.html"
1759772369,看多,创业板指,创业板指吧,22,1,2026-08-17 10:16:41,牛市|牛市来了,"双创牛市来了，卖掉房子买进去，很快就财富自由","","https://guba.eastmoney.com/news,sz399006,1759772369.html"
1759771244,中性,创业板指,创业板指吧,22,0,2026-08-17 10:16:10,,"$创业板指(SZ399006)$","","https://guba.eastmoney.com/news,sz399006,1759771244.html"
1759987878,中性,证券,证券Ⅱ吧,22,1,2026-08-17 13:32:35,,"真的看笑了..","","https://guba.eastmoney.com/news,bk0473,1759987878.html"
1759799050,中性,证券,证券Ⅱ吧,22,0,2026-08-17 10:30:31,反弹|下跌,"券商这个渣男下跌何时尽头，全A就券商一个板块无任何反弹，连地产都比它强几倍","","https://guba.eastmoney.com/news,bk0473,1759799050.html"
1759779280,中性,证券,证券Ⅱ吧,22,1,2026-08-17 10:20:12,,"现在这个形式！还不往上拉，还要往下砸！","","https://guba.eastmoney.com/news,bk0473,1759779280.html"
1759985127,中性,电力,电力吧,22,1,2026-08-17 13:30:30,,"全部都电麻了","","https://guba.eastmoney.com/news,bk0428,1759985127.html"
1759898805,中性,电力,电力吧,22,0,2026-08-17 11:37:02,,"全都在涨，只有我们电力跌，唉","","https://guba.eastmoney.com/news,bk0428,1759898805.html"
1760092468,中性,上证指数,上证指数吧,21,0,2026-08-17 14:50:02,,"根本不敢上，眼看它一点点上","","https://guba.eastmoney.com/news,sh000001,1760092468.html"
1760090135,中性,上证指数,上证指数吧,21,1,2026-08-17 14:48:35,,"别涨了，我害怕","","https://guba.eastmoney.com/news,sh000001,1760090135.html"
1760086105,看多,上证指数,上证指数吧,21,0,2026-08-17 14:45:53,牛来,"计划有变，牛来了","","https://guba.eastmoney.com/news,sh000001,1760086105.html"
1760072628,看多,上证指数,上证指数吧,21,1,2026-08-17 14:36:13,反弹,"指数快反弹到4000点，帐户钱却丢了一大截！！！","","https://guba.eastmoney.com/news,sh000001,1760072628.html"
1760063146,中性,上证指数,上证指数吧,21,0,2026-08-17 14:29:16,,"$上证指数(SH000001)$","","https://guba.eastmoney.com/news,sh000001,1760063146.html"
1760046329,中性,创业板指,创业板指吧,21,3,2026-08-17 14:17:13,,"闻到小牛淡淡的香味","","https://guba.eastmoney.com/news,sz399006,1760046329.html"
1760044754,看多,创业板指,创业板指吧,21,2,2026-08-17 14:16:04,牛来,"兄弟们一起看牛来","","https://guba.eastmoney.com/news,sz399006,1760044754.html"
1760021034,中性,创业板指,创业板指吧,21,1,2026-08-17 13:57:55,,"2点了时间快到了","","https://guba.eastmoney.com/news,sz399006,1760021034.html"
1760015916,看多,创业板指,创业板指吧,21,0,2026-08-17 13:54:03,牛来,"大家去看电影了吗？牛来","","https://guba.eastmoney.com/news,sz399006,1760015916.html"
1759996114,中性,创业板指,创业板指吧,21,0,2026-08-17 13:38:49,,"日内双头","","https://guba.eastmoney.com/news,sz399006,1759996114.html"
1759952279,恐慌,创业板指,创业板指吧,21,0,2026-08-17 13:07:29,诱多|完了,"完了开始拉中际这些权重了，最后的诱多","","https://guba.eastmoney.com/news,sz399006,1759952279.html"
1759930634,中性,创业板指,创业板指吧,21,0,2026-08-17 12:39:44,,"603993关注涨停","","https://guba.eastmoney.com/news,sz399006,1759930634.html"
1759921481,看多,创业板指,创业板指吧,21,0,2026-08-17 12:20:07,突破,"突破关键点位，又开启麻袋装钱战法了吗","","https://guba.eastmoney.com/news,sz399006,1759921481.html"
1759917663,看多,创业板指,创业板指吧,21,1,2026-08-17 12:10:55,牛来,"这波牛来了","","https://guba.eastmoney.com/news,sz399006,1759917663.html"
1759917345,中性,创业板指,创业板指吧,21,0,2026-08-17 12:10:08,,"现金如此之多！！4月26日电，长江投资公告，公司及下属子公司拟使用不超过3亿元自","","https://guba.eastmoney.com/news,sz399006,1759917345.html"
1759912350,看多,创业板指,创业板指吧,21,1,2026-08-17 12:00:00,加仓,"加仓猛干，科技是未来","","https://guba.eastmoney.com/news,sz399006,1759912350.html"
1759874622,中性,创业板指,创业板指吧,21,0,2026-08-17 11:15:55,,"基金大搞伪科技","","https://guba.eastmoney.com/news,sz399006,1759874622.html"
1759871561,看多,创业板指,创业板指吧,21,0,2026-08-17 11:13:41,牛市,"7月和8月合计有8200亿市值股票解禁上市。中际旭创这波牛市股价最高涨了20倍。","","https://guba.eastmoney.com/news,sz399006,1759871561.html"
1759856299,中性,创业板指,创业板指吧,21,0,2026-08-17 11:03:04,,"培育钻石的粮仓：楚江新材～生产99.9999%高纯度碳粉用于培育钻石生产。以及生","","https://guba.eastmoney.com/news,sz399006,1759856299.html"
1759849513,中性,创业板指,创业板指吧,21,1,2026-08-17 10:58:57,,"一直怕美股跌。我们先撤了。结果大漂亮没跌。这下尴尬了。","","https://guba.eastmoney.com/news,sz399006,1759849513.html"
1759847127,中性,创业板指,创业板指吧,21,0,2026-08-17 10:57:32,,"完全不跟外围。真难","","https://guba.eastmoney.com/news,sz399006,1759847127.html"
1759846366,中性,创业板指,创业板指吧,21,0,2026-08-17 10:57:01,,"天天科技与狠活，其他全部淘汰关门","","https://guba.eastmoney.com/news,sz399006,1759846366.html"
1759845825,中性,创业板指,创业板指吧,21,0,2026-08-17 10:56:43,,"盘都不愿意洗了吗","","https://guba.eastmoney.com/news,sz399006,1759845825.html"
1759813366,中性,创业板指,创业板指吧,21,0,2026-08-17 10:38:01,,"天天半导体，咋不去si","","https://guba.eastmoney.com/news,sz399006,1759813366.html"
1759760102,中性,创业板指,创业板指吧,21,0,2026-08-17 10:10:33,,"求求你了别在害人了，赶快跌回去吧","","https://guba.eastmoney.com/news,sz399006,1759760102.html"
1759943384,中性,证券,证券Ⅱ吧,21,0,2026-08-17 13:00:21,,"完全没资金来这个板块。","","https://guba.eastmoney.com/news,bk0473,1759943384.html"
1759880184,中性,证券,证券Ⅱ吧,21,0,2026-08-17 11:20:07,,"一个笑话板块","","https://guba.eastmoney.com/news,bk0473,1759880184.html"
1759850554,中性,证券,证券Ⅱ吧,21,0,2026-08-17 10:59:36,,"现在抖音很多在推这个板块，还要洗，早着呢","","https://guba.eastmoney.com/news,bk0473,1759850554.html"
1759790746,中性,证券,证券Ⅱ吧,21,1,2026-08-17 10:26:18,,"一把好牌，打得稀烂！","","https://guba.eastmoney.com/news,bk0473,1759790746.html"
1759782581,中性,证券,证券Ⅱ吧,21,0,2026-08-17 10:22:01,护盘|砸盘,"最大的空头！护盘看银行，冲锋看科技，砸盘看券商","","https://guba.eastmoney.com/news,bk0473,1759782581.html"
1759764544,中性,证券,证券Ⅱ吧,21,0,2026-08-17 10:12:45,,"科技抱团，砸不下来吗","","https://guba.eastmoney.com/news,bk0473,1759764544.html"
1759893782,中性,银行,银行Ⅱ吧,21,0,2026-08-17 11:30:15,,"银行下来才是王道","","https://guba.eastmoney.com/news,bk0475,1759893782.html"
1759765113,中性,银行,银行Ⅱ吧,21,0,2026-08-17 10:13:03,,"科技砸不下来吗。。","","https://guba.eastmoney.com/news,bk0475,1759765113.html"
1759812666,中性,电力,电力吧,21,0,2026-08-17 10:37:39,,"电力这么滴不堪，没有电力，那有半导体。","","https://guba.eastmoney.com/news,bk0428,1759812666.html"
1760102641,看空,上证指数,上证指数吧,20,1,2026-08-17 14:55:59,缩量,"哈哈，缩量。日线级别第三次触碰布林上轨，就为了带动资金进场，谁愿意进场受罪吗？","","https://guba.eastmoney.com/news,sh000001,1760102641.html"
1760088496,中性,上证指数,上证指数吧,20,1,2026-08-17 14:47:30,,"大盘跌一个点，账户亏3%，大盘红一个点，账户红0.5%神奇的市场","","https://guba.eastmoney.com/news,sh000001,1760088496.html"
1760075083,看多,上证指数,上证指数吧,20,0,2026-08-17 14:38:10,牛来,"《牛来》是预言片吗","","https://guba.eastmoney.com/news,sh000001,1760075083.html"
1760070836,看多,上证指数,上证指数吧,20,0,2026-08-17 14:34:49,牛来,"牛来，，，忽悠不动小散了吗？","","https://guba.eastmoney.com/news,sh000001,1760070836.html"
1760029060,中性,创业板指,创业板指吧,20,0,2026-08-17 14:04:07,,"今天这是要违背祖训了呀","","https://guba.eastmoney.com/news,sz399006,1760029060.html"
1760004573,中性,创业板指,创业板指吧,20,0,2026-08-17 13:45:16,,"宏昌科技重组+金刚石+半导体+机器人+宇树科技+张雪机车真牛逼","","https://guba.eastmoney.com/news,sz399006,1760004573.html"
1759976827,中性,创业板指,创业板指吧,20,1,2026-08-17 13:24:38,,"今天大部分资金都是内资拉的，不是啥好人别跟。","","https://guba.eastmoney.com/news,sz399006,1759976827.html"
1759971129,中性,创业板指,创业板指吧,20,0,2026-08-17 13:20:36,,"没啥空间了。。科技越涨越卖吧","","https://guba.eastmoney.com/news,sz399006,1759971129.html"
1759964522,中性,创业板指,创业板指吧,20,0,2026-08-17 13:16:09,,"感谢老登们，你们的坚守才能换来科技的腾飞","","https://guba.eastmoney.com/news,sz399006,1759964522.html"
1759955418,中性,创业板指,创业板指吧,20,0,2026-08-17 13:09:47,,"又开始使劲抽老登得血了","","https://guba.eastmoney.com/news,sz399006,1759955418.html"
1759952595,中性,创业板指,创业板指吧,20,0,2026-08-17 13:07:43,,"继续忽悠","","https://guba.eastmoney.com/news,sz399006,1759952595.html"
1759950937,中性,创业板指,创业板指吧,20,0,2026-08-17 13:06:29,,"和中际走势有何区别","","https://guba.eastmoney.com/news,sz399006,1759950937.html"
1759945612,中性,创业板指,创业板指吧,20,0,2026-08-17 13:02:13,,"今天几点高台开跳","","https://guba.eastmoney.com/news,sz399006,1759945612.html"
1759879784,看多,创业板指,创业板指吧,20,0,2026-08-17 11:19:48,牛来,"最大赢家，牛来票房破千万了","","https://guba.eastmoney.com/news,sz399006,1759879784.html"
1759866827,中性,创业板指,创业板指吧,20,0,2026-08-17 11:10:14,,"看到3730左右","","https://guba.eastmoney.com/news,sz399006,1759866827.html"
1759864731,中性,创业板指,创业板指吧,20,0,2026-08-17 11:08:44,,"收绿，这套我熟。","","https://guba.eastmoney.com/news,sz399006,1759864731.html"
1759859083,看空,创业板指,创业板指吧,20,0,2026-08-17 11:04:46,大跌,"这个月跑输创业板指数10%多了，指数涨我的跌，指数跌我的大跌，没办法玩了","","https://guba.eastmoney.com/news,sz399006,1759859083.html"
1759855319,中性,创业板指,创业板指吧,20,0,2026-08-17 11:02:31,,"8月不去3000那就九月去3000反正等的到的，这货是真难出啊！大基民还得看你们","","https://guba.eastmoney.com/news,sz399006,1759855319.html"
1759838204,中性,创业板指,创业板指吧,20,0,2026-08-17 10:52:12,,"这段时间散户追科技追疯了","","https://guba.eastmoney.com/news,sz399006,1759838204.html"
1759798093,中性,创业板指,创业板指吧,20,0,2026-08-17 10:30:02,,"不是吧，又来绿？","","https://guba.eastmoney.com/news,sz399006,1759798093.html"
1759780584,看空,创业板指,创业板指吧,20,0,2026-08-17 10:20:55,大跌,"光拉指数，这样跟跌不跟涨科技真的毒瘤，散户进科技就是大跌，不进就一直涨","","https://guba.eastmoney.com/news,sz399006,1759780584.html"
1759776166,中性,创业板指,创业板指吧,20,0,2026-08-17 10:18:40,,"创业板开启虹吸模式，我们才是硬科技飞起来","","https://guba.eastmoney.com/news,sz399006,1759776166.html"
1759753478,中性,创业板指,创业板指吧,20,0,2026-08-17 10:07:20,,"科技为王！随便拉，老登必死","","https://guba.eastmoney.com/news,sz399006,1759753478.html"
1759946134,中性,证券,证券Ⅱ吧,20,0,2026-08-17 13:02:42,,"又是200亿的量。无人问津","","https://guba.eastmoney.com/news,bk0473,1759946134.html"
1759902580,中性,证券,证券Ⅱ吧,20,0,2026-08-17 11:43:02,反弹|无量,"五日线支撑，但反弹无量，小心下午回调，或是明天跳空下杀。","","https://guba.eastmoney.com/news,bk0473,1759902580.html"
1759847603,中性,证券,证券Ⅱ吧,20,0,2026-08-17 10:57:50,,"招笑板块","","https://guba.eastmoney.com/news,bk0473,1759847603.html"
1759780196,中性,证券,证券公司吧,20,0,2026-08-17 10:20:43,,"这种特定板块的黑嘴，一跌就消失不见","","https://guba.eastmoney.com/news,sz399975,1759780196.html"
1759771397,贪婪,证券,证券Ⅱ吧,20,1,2026-08-17 10:16:15,不卖,"就是不卖，气死你","","https://guba.eastmoney.com/news,bk0473,1759771397.html"
1759767918,中性,证券,证券Ⅱ吧,20,0,2026-08-17 10:14:26,,"科技绑架指数，科技涨券商不可能涨。","","https://guba.eastmoney.com/news,bk0473,1759767918.html"
1759638939,中性,证券,证券Ⅱ吧,20,0,2026-08-17 09:22:39,,"就是","","https://guba.eastmoney.com/news,bk0473,1759638939.html"
1759683416,中性,银行,银行Ⅱ吧,20,0,2026-08-17 09:38:56,,"恭喜恭喜，银行跌了，牛就来了","","https://guba.eastmoney.com/news,bk0475,1759683416.html"
1759737147,看多,白酒,白酒吧,20,0,2026-08-17 09:59:58,主力,"主力用阳谋阴谋来折腾白水，司马昭之心！","","https://guba.eastmoney.com/news,bk0896,1759737147.html"
1759668878,看空,白酒,白酒吧,20,0,2026-08-17 09:34:08,大跌,"今天老登股大跌","","https://guba.eastmoney.com/news,bk0896,1759668878.html"
1759859057,中性,电力,电力吧,20,0,2026-08-17 11:04:46,,"电力垃圾！","","https://guba.eastmoney.com/news,bk0428,1759859057.html"
1759840102,中性,电力,电力吧,20,0,2026-08-17 10:53:18,,"科技跌电力跌，科技涨电力领跌。杂毛板块","","https://guba.eastmoney.com/news,bk0428,1759840102.html"
1759786469,中性,电力,电力吧,20,0,2026-08-17 10:24:05,,"电力股要回调了……","","https://guba.eastmoney.com/news,bk0428,1759786469.html"
1760102903,中性,上证指数,上证指数吧,19,0,2026-08-17 14:56:07,,"兄弟们今天我进来了，明天要跌了，我是明灯","","https://guba.eastmoney.com/news,sh000001,1760102903.html"
1760099486,中性,上证指数,宝鼎科技吧,19,0,2026-08-17 14:54:12,,"尾盘","","https://guba.eastmoney.com/news,002552,1760099486.html"
1760097838,看多,上证指数,兴业科技吧,19,1,2026-08-17 14:53:13,大涨|新高,"今晚如果AXT大涨或创新高，兴业科技明天是不是要跳空高开封涨停？","","https://guba.eastmoney.com/news,002674,1760097838.html"
1760097325,中性,上证指数,上证指数吧,19,0,2026-08-17 14:52:57,,"真好，马上4000点了，钱也到账了。","","https://guba.eastmoney.com/news,sh000001,1760097325.html"
1760094893,看多,上证指数,上证指数吧,19,0,2026-08-17 14:51:31,牛来,"支持一手牛来","","https://guba.eastmoney.com/news,sh000001,1760094893.html"
1760094852,中性,上证指数,上证指数吧,19,0,2026-08-17 14:51:30,,"看得我手都痒痒了，上是不上啊，慌啊","","https://guba.eastmoney.com/news,sh000001,1760094852.html"
1760084096,中性,上证指数,上证指数吧,19,2,2026-08-17 14:44:28,,"这种股市是后台看着你的账户和你玩，你能玩的过？","","https://guba.eastmoney.com/news,sh000001,1760084096.html"
1760025089,看多,创业板指,创业板指吧,19,0,2026-08-17 14:01:02,牛来,"牛来的好朋友爆拉","","https://guba.eastmoney.com/news,sz399006,1760025089.html"
1760007815,中性,创业板指,创业板指吧,19,0,2026-08-17 13:47:49,,"太牛逼了","","https://guba.eastmoney.com/news,sz399006,1760007815.html"
1759997837,中性,创业板指,创业板指吧,19,0,2026-08-17 13:40:08,,"旭创拖着创业板","","https://guba.eastmoney.com/news,sz399006,1759997837.html"
1759997570,看空,创业板指,创业板指吧,19,0,2026-08-17 13:39:57,诱多,"诱多，出筹码","","https://guba.eastmoney.com/news,sz399006,1759997570.html"
1759968325,中性,创业板指,创业板指吧,19,0,2026-08-17 13:18:44,,"还不走呢？","","https://guba.eastmoney.com/news,sz399006,1759968325.html"
1759960860,中性,创业板指,创业板指吧,19,0,2026-08-17 13:13:33,,"你们踏空的等回调死活不进是吗，我拉给你看，，不进就一直拉。","","https://guba.eastmoney.com/news,sz399006,1759960860.html"
1759960220,中性,创业板指,创业板指吧,19,0,2026-08-17 13:13:10,,"创业板加油，回到4380点！","","https://guba.eastmoney.com/news,sz399006,1759960220.html"
1759955619,看空,创业板指,创业板指吧,19,0,2026-08-17 13:09:56,诱多,"疯狂诱多","","https://guba.eastmoney.com/news,sz399006,1759955619.html"
1759894181,中性,创业板指,创业板指吧,19,0,2026-08-17 11:30:43,,"要是涨一波，必须把电影带起来","","https://guba.eastmoney.com/news,sz399006,1759894181.html"
1759879711,中性,创业板指,创业板指吧,19,0,2026-08-17 11:19:46,,"今晚英伟达下砸，明天肯定瘪下去！","","https://guba.eastmoney.com/news,sz399006,1759879711.html"
1759873713,中性,创业板指,创业板指吧,19,0,2026-08-17 11:15:15,,"就不能冲一次？累了","","https://guba.eastmoney.com/news,sz399006,1759873713.html"
1759862249,中性,创业板指,创业板指吧,19,0,2026-08-17 11:06:57,反弹|杀跌,"已进入b浪反弹的尾声了，小心c浪杀跌的到来。","","https://guba.eastmoney.com/news,sz399006,1759862249.html"
1759854112,中性,创业板指,创业板指吧,19,0,2026-08-17 11:01:44,,"难道要来一段轰轰烈烈的上涨","","https://guba.eastmoney.com/news,sz399006,1759854112.html"
1759851627,看多,创业板指,创业板指吧,19,0,2026-08-17 11:00:17,新高,"科技股趋势基本回来了，不少股已经逼近新高后面大概率还有其他板块回流一波，哈哈，科","","https://guba.eastmoney.com/news,sz399006,1759851627.html"
1759849951,中性,创业板指,创业板指吧,19,0,2026-08-17 10:59:13,,"这个市场也就报团基金自娱自乐了","","https://guba.eastmoney.com/news,sz399006,1759849951.html"
1759819921,恐慌,创业板指,创业板指吧,19,0,2026-08-17 10:41:42,完了,"宏昌科技真金白银7个多亿收购可不是白投资的干就完了","","https://guba.eastmoney.com/news,sz399006,1759819921.html"
1759793496,中性,创业板指,创业板指吧,19,0,2026-08-17 10:27:45,,"，又要绿吗","","https://guba.eastmoney.com/news,sz399006,1759793496.html"
1759789678,中性,创业板指,创业板指吧,19,0,2026-08-17 10:25:45,,"今天让科技先涨涨，医药就别涨了","","https://guba.eastmoney.com/news,sz399006,1759789678.html"
1759786548,中性,创业板指,创业板指吧,19,0,2026-08-17 10:24:07,,"老韩不开市，似乎没方向了","","https://guba.eastmoney.com/news,sz399006,1759786548.html"
1759780457,中性,创业板指,创业板指吧,19,0,2026-08-17 10:20:51,,"怎么像个跳梁小丑","","https://guba.eastmoney.com/news,sz399006,1759780457.html"
1759772675,中性,创业板指,创业板指吧,19,0,2026-08-17 10:16:50,,"$创业板指(SZ399006)$","","https://guba.eastmoney.com/news,sz399006,1759772675.html"
1759765029,中性,创业板指,创业板指吧,19,0,2026-08-17 10:13:00,拉升|套人,"牛逼，开始砸医药，拉升科技了，牛逼。两边套人","","https://guba.eastmoney.com/news,sz399006,1759765029.html"
1759755530,中性,创业板指,创业板指吧,19,0,2026-08-17 10:08:19,,"还说不是量化","","https://guba.eastmoney.com/news,sz399006,1759755530.html"
1760089128,中性,证券,证券Ⅱ吧,19,1,2026-08-17 14:47:53,,"笑死，山羊胡老肖天天做梦信誓旦旦，天天被打脸，但凡换其他任何板块不至于一年蒙不对","","https://guba.eastmoney.com/news,bk0473,1760089128.html"
1760020620,中性,证券,证券Ⅱ吧,19,0,2026-08-17 13:57:35,反弹|放量|下跌|缩量,"放量下跌，缩量反弹，还要跌","","https://guba.eastmoney.com/news,bk0473,1760020620.html"
1760001027,看空,证券,证券Ⅱ吧,19,0,2026-08-17 13:42:36,缩量,"缩量到这个地步，明日就变盘，不等下周了？","","https://guba.eastmoney.com/news,bk0473,1760001027.html"
1759959368,中性,证券,证券Ⅱ吧,19,0,2026-08-17 13:12:33,,"一个板块不敌人家一只股的一半量，还要的干啥，退吧","","https://guba.eastmoney.com/news,bk0473,1759959368.html"
1759898704,看空,证券,证券Ⅱ吧,19,0,2026-08-17 11:36:53,无量,"大盘这么好，但是上涨无量而且到了压力位了，今天不回落明天也要下来，大盘涨时没证券","","https://guba.eastmoney.com/news,bk0473,1759898704.html"
1759887034,中性,证券,证券Ⅱ吧,19,0,2026-08-17 11:25:14,,"大傻春你要干什么","","https://guba.eastmoney.com/news,bk0473,1759887034.html"
1759812071,中性,证券,证券Ⅱ吧,19,0,2026-08-17 10:37:20,,"没出息","","https://guba.eastmoney.com/news,bk0473,1759812071.html"
1759808631,中性,证券,证券Ⅱ吧,19,0,2026-08-17 10:35:31,,"啥都可以涨，不能涨证券","","https://guba.eastmoney.com/news,bk0473,1759808631.html"
1759795983,中性,证券,证券Ⅱ吧,19,0,2026-08-17 10:28:57,,"……","","https://guba.eastmoney.com/news,bk0473,1759795983.html"
1759785537,看多,证券,证券Ⅱ吧,19,0,2026-08-17 10:23:34,做多,"都在老登，没有半导体芯片科技的，都是亏的做多的。对股市最失望的。","","https://guba.eastmoney.com/news,bk0473,1759785537.html"
1759740818,中性,证券,证券Ⅱ吧,19,0,2026-08-17 10:01:39,,"券商是跟科技的，科技跌，券商也要跌！！！","","https://guba.eastmoney.com/news,bk0473,1759740818.html"
1759710309,中性,证券,证券Ⅱ吧,19,0,2026-08-17 09:48:45,,"又套一批","","https://guba.eastmoney.com/news,bk0473,1759710309.html"
1759701606,中性,证券,证券Ⅱ吧,19,0,2026-08-17 09:45:21,,"周五的大阴线也是你们造成的！","","https://guba.eastmoney.com/news,bk0473,1759701606.html"
1760063821,中性,银行,银行Ⅱ吧,19,1,2026-08-17 14:29:44,,"大盘和科技这么涨，银行咋不对冲了，不合逻辑啊。","","https://guba.eastmoney.com/news,bk0475,1760063821.html"
1759956294,中性,银行,银行Ⅱ吧,19,0,2026-08-17 13:10:21,,"举报银行股扰乱市场","","https://guba.eastmoney.com/news,bk0475,1759956294.html"
1759885226,中性,银行,银行Ⅱ吧,19,0,2026-08-17 11:23:56,,"银行板块会到7000以上，为什么？对比摩根大通，2.6倍市净率。国内4大行+招行","","https://guba.eastmoney.com/news,bk0475,1759885226.html"
1759840004,中性,银行,银行Ⅱ吧,19,1,2026-08-17 10:53:15,,"银行跌，大多数股票才会涨，大家才会有钱赚，","","https://guba.eastmoney.com/news,bk0475,1759840004.html"
1759799028,中性,银行,银行Ⅱ吧,19,0,2026-08-17 10:30:30,,"滚下去","","https://guba.eastmoney.com/news,bk0475,1759799028.html"
1760053063,中性,电力,电力吧,19,1,2026-08-17 14:22:13,,"创业板涨幅大，电力应该开始轮到了","","https://guba.eastmoney.com/news,bk0428,1760053063.html"
1759996003,中性,电力,电力吧,19,1,2026-08-17 13:38:44,,"mad板块连红都不红","","https://guba.eastmoney.com/news,bk0428,1759996003.html"
1759968329,中性,电力,电力吧,19,1,2026-08-17 13:18:44,,"科技不用电了","","https://guba.eastmoney.com/news,bk0428,1759968329.html"
1760103636,贪婪,上证指数,上证指数吧,18,0,2026-08-17 14:56:32,稳了|稳了,"长鑫科技60分钟强支撑，收涨稳稳了","","https://guba.eastmoney.com/news,sh000001,1760103636.html"
1760093900,看多,上证指数,上证指数吧,18,0,2026-08-17 14:50:54,牛来,"到底是妈妈牛来还是依旧祖训","","https://guba.eastmoney.com/news,sh000001,1760093900.html"
1760091612,中性,上证指数,上证指数吧,18,0,2026-08-17 14:49:28,,"老登与科技齐飞，白酒共半导一色","","https://guba.eastmoney.com/news,sh000001,1760091612.html"
1760084015,中性,上证指数,上证指数吧,18,1,2026-08-17 14:44:25,,"b反，快结束了吧","","https://guba.eastmoney.com/news,sh000001,1760084015.html"
1760076678,中性,上证指数,上证指数吧,18,0,2026-08-17 14:39:03,,"谁叫你们不买涨的票","","https://guba.eastmoney.com/news,sh000001,1760076678.html"
1760073724,中性,上证指数,上证指数吧,18,0,2026-08-17 14:37:05,,"八月接下来3次股指期货交割，机构会猛砸赚大钱！","","https://guba.eastmoney.com/news,sh000001,1760073724.html"
1760072836,中性,上证指数,上证指数吧,18,0,2026-08-17 14:36:22,,"软件股全面封杀","","https://guba.eastmoney.com/news,sh000001,1760072836.html"
1760037554,中性,创业板指,创业板指吧,18,0,2026-08-17 14:10:50,,"又快赶上主板指数吗？可能吗","","https://guba.eastmoney.com/news,sz399006,1760037554.html"
1760025137,看多,创业板指,创业板指吧,18,0,2026-08-17 14:01:05,新高|牛来,"冲今天A股的表现，准备二刷了，大家继续买票支持牛来票房再创新高，大声喊出那两个字","","https://guba.eastmoney.com/news,sz399006,1760025137.html"
1760012530,中性,创业板指,创业板指吧,18,0,2026-08-17 13:51:28,,"物理AI看易点","","https://guba.eastmoney.com/news,sz399006,1760012530.html"
1759984893,中性,创业板指,创业板指吧,18,0,2026-08-17 13:30:20,,"不开放t+0天天玩弄散户，你们好牛逼","","https://guba.eastmoney.com/news,sz399006,1759984893.html"
1759974539,中性,创业板指,创业板指吧,18,0,2026-08-17 13:23:03,,"白酒不要了？？？赶紧跌","","https://guba.eastmoney.com/news,sz399006,1759974539.html"
1759970206,中性,创业板指,创业板指吧,18,0,2026-08-17 13:19:57,,"拉的什么毛线","","https://guba.eastmoney.com/news,sz399006,1759970206.html"
1759967789,中性,创业板指,创业板指吧,18,0,2026-08-17 13:18:21,,"以后科技才是硬资产，因为普通人无法入局，而财富一定要掌握在少数人手里。","","https://guba.eastmoney.com/news,sz399006,1759967789.html"
1759960012,看多,创业板指,创业板指吧,18,0,2026-08-17 13:13:01,牛来,"牛起来，牛来，牛来，牛来！！！","","https://guba.eastmoney.com/news,sz399006,1759960012.html"
1759959924,中性,创业板指,创业板指吧,18,0,2026-08-17 13:12:57,,"资金都去接盘伪科技股了，最后一地鸡毛","","https://guba.eastmoney.com/news,sz399006,1759959924.html"
1759956422,中性,创业板指,创业板指吧,18,0,2026-08-17 13:10:26,,"涨的越狠跌的越惨","","https://guba.eastmoney.com/news,sz399006,1759956422.html"
1759955933,中性,创业板指,创业板指吧,18,0,2026-08-17 13:10:08,,"啥情况","","https://guba.eastmoney.com/news,sz399006,1759955933.html"
1759955607,看多,创业板指,创业板指吧,18,0,2026-08-17 13:09:55,反弹,"如果能反弹到3900，那大概率还有C。如果到不了，后面还有3浪主升。","","https://guba.eastmoney.com/news,sz399006,1759955607.html"
1759955408,中性,创业板指,创业板指吧,18,0,2026-08-17 13:09:46,,"空","","https://guba.eastmoney.com/news,sz399006,1759955408.html"
1759953886,中性,创业板指,创业板指吧,18,0,2026-08-17 13:08:40,,"我的五个股全绿，全绿，想吐了","","https://guba.eastmoney.com/news,sz399006,1759953886.html"
1759936618,中性,创业板指,创业板指吧,18,0,2026-08-17 12:52:24,,"实体电子布价格大幅上涨,可以买入了吗？","","https://guba.eastmoney.com/news,sz399006,1759936618.html"
1759930089,看多,创业板指,创业板指吧,18,0,2026-08-17 12:38:45,牛来,"低开高走，牛来","","https://guba.eastmoney.com/news,sz399006,1759930089.html"
1759878738,中性,创业板指,创业板指吧,18,0,2026-08-17 11:19:04,机会|跑路,"上午最后一次跑路机会","","https://guba.eastmoney.com/news,sz399006,1759878738.html"
1759873835,中性,创业板指,创业板指吧,18,0,2026-08-17 11:15:21,,"自古以来，墙头草，都是死的最快的。","","https://guba.eastmoney.com/news,sz399006,1759873835.html"
1759859000,贪婪,创业板指,创业板指吧,18,0,2026-08-17 11:04:44,全仓,"全仓科技股躺着赚钱不香吗","","https://guba.eastmoney.com/news,sz399006,1759859000.html"
1759855009,中性,创业板指,创业板指吧,18,0,2026-08-17 11:02:19,,"今晚英伟达下砸，明天肯定瘪下去！","","https://guba.eastmoney.com/news,sz399006,1759855009.html"
1759847999,中性,创业板指,创业板指吧,18,0,2026-08-17 10:58:04,,"对子顶？","","https://guba.eastmoney.com/news,sz399006,1759847999.html"
1759843767,中性,创业板指,创业板指吧,18,0,2026-08-17 10:55:27,,"真的一点意思都没有，就知道涨科创","","https://guba.eastmoney.com/news,sz399006,1759843767.html"
1759839724,中性,创业板指,创业板指吧,18,0,2026-08-17 10:53:03,,"拉到3700差不多了","","https://guba.eastmoney.com/news,sz399006,1759839724.html"
1759839514,中性,创业板指,创业板指吧,18,0,2026-08-17 10:52:57,,"全靠六十个亿拉，死气沉沉","","https://guba.eastmoney.com/news,sz399006,1759839514.html"
1759820382,中性,创业板指,创业板指吧,18,0,2026-08-17 10:41:58,,"这么点量能还能涨，简直离谱","","https://guba.eastmoney.com/news,sz399006,1759820382.html"
1759803277,看空,创业板指,创业板指吧,18,0,2026-08-17 10:32:44,诱多,"诱多一下，套散户，散户狡猾的很！","","https://guba.eastmoney.com/news,sz399006,1759803277.html"
1759786334,中性,创业板指,创业板指吧,18,0,2026-08-17 10:23:59,,"能不能能不能体面的涨一天？","","https://guba.eastmoney.com/news,sz399006,1759786334.html"
1759778784,中性,创业板指,创业板指吧,18,0,2026-08-17 10:19:54,,"该跌不跌。撑啊。","","https://guba.eastmoney.com/news,sz399006,1759778784.html"
1759775342,看多,创业板指,创业板指吧,18,0,2026-08-17 10:18:14,反弹|机会,"这么一看，八月份走反弹，那么2026年剩下的几个月没啥行情了珍惜半月反弹机会","","https://guba.eastmoney.com/news,sz399006,1759775342.html"
1759771647,中性,创业板指,创业板指吧,18,1,2026-08-17 10:16:22,,"真邪门啊，反正就是买的股不涨","","https://guba.eastmoney.com/news,sz399006,1759771647.html"
1759748807,中性,创业板指,创业板指吧,18,0,2026-08-17 10:05:10,,"老登和科技早晨争夺严重，目测科技赢，但要在跌了后参与","","https://guba.eastmoney.com/news,sz399006,1759748807.html"
1760043617,中性,证券,证券Ⅱ吧,18,0,2026-08-17 14:15:12,,"该带头冲锋的板块在这拖后腿！","","https://guba.eastmoney.com/news,bk0473,1760043617.html"
1759945329,中性,证券,证券Ⅱ吧,18,0,2026-08-17 13:01:57,,"一拉科技，必砸券商的逻辑是什么。","","https://guba.eastmoney.com/news,bk0473,1759945329.html"
1759909616,中性,证券,证券Ⅱ吧,18,0,2026-08-17 11:55:23,,"不压下去吗。。大盘起来这么多","","https://guba.eastmoney.com/news,bk0473,1759909616.html"
1759880911,中性,证券,证券Ⅱ吧,18,0,2026-08-17 11:20:39,,"所以就是说，上周五我说3905是上证指数的短底时间，不代表它是其他板块或个股的短","","https://guba.eastmoney.com/news,bk0473,1759880911.html"
1759880664,中性,证券,证券Ⅱ吧,18,0,2026-08-17 11:20:28,,"看这尿性，今天到不了200了吧","","https://guba.eastmoney.com/news,bk0473,1759880664.html"
1759874518,中性,证券,证券Ⅱ吧,18,0,2026-08-17 11:15:50,,"整个板块成交量不如一只千亿市值的亨通光电，彻底没人玩了，都是散户躺平中","","https://guba.eastmoney.com/news,bk0473,1759874518.html"
1759852168,中性,证券,证券Ⅱ吧,18,0,2026-08-17 11:00:37,,"腊鸡板块","","https://guba.eastmoney.com/news,bk0473,1759852168.html"
1759849837,中性,证券,证券Ⅱ吧,18,0,2026-08-17 10:59:09,,"开始吧","","https://guba.eastmoney.com/news,bk0473,1759849837.html"
1759846399,看多,证券,证券Ⅱ吧,18,0,2026-08-17 10:57:03,牛市,"这轮牛市特征没有普涨，轮动极差，少数股票一直涨，多数股票趴地，买证券的亏惨了。","","https://guba.eastmoney.com/news,bk0473,1759846399.html"
1759826825,中性,证券,证券Ⅱ吧,18,1,2026-08-17 10:45:38,,"争取多通过合并建设一点大国一流国际末流投行。","","https://guba.eastmoney.com/news,bk0473,1759826825.html"
1759808138,中性,证券,证券Ⅱ吧,18,0,2026-08-17 10:35:15,,"老登","","https://guba.eastmoney.com/news,bk0473,1759808138.html"
1759781536,中性,证券,证券Ⅱ吧,18,0,2026-08-17 10:21:24,,"lj","","https://guba.eastmoney.com/news,bk0473,1759781536.html"
1759751419,中性,证券,证券Ⅱ吧,18,0,2026-08-17 10:06:21,,"证券板块，我再也不想见到你了","","https://guba.eastmoney.com/news,bk0473,1759751419.html"
1759880985,看空,银行,银行Ⅱ吧,18,0,2026-08-17 11:20:42,砸盘,"见不得大盘红啊这是，大盘一红就拉银行砸盘子，真他马的坏…","","https://guba.eastmoney.com/news,bk0475,1759880985.html"
1759874968,中性,银行,银行Ⅱ吧,18,0,2026-08-17 11:16:10,,"整天的拉银行白酒也是够够的了，就为了面子工程凑指数，再就是拉妖股，搞笑","","https://guba.eastmoney.com/news,bk0475,1759874968.html"
1759854156,看多,银行,银行Ⅱ吧,18,0,2026-08-17 11:01:46,暴涨,"芯片暴涨，你还不开始干活？必须砸个-2%","","https://guba.eastmoney.com/news,bk0475,1759854156.html"
1759958242,中性,电力,电力吧,18,0,2026-08-17 13:11:48,,"长兴科技4万亿了，你电力什么垃圾，人家一个科技股比你这个板块都强","","https://guba.eastmoney.com/news,bk0428,1759958242.html"
1759818718,中性,电力,电力吧,18,0,2026-08-17 10:41:04,,"大唐人气一龙是不是可以带头涨一次让我们回回血","","https://guba.eastmoney.com/news,bk0428,1759818718.html"
1760100022,中性,上证指数,上证指数吧,17,0,2026-08-17 14:54:29,,"唉，又是熟悉的配方！可怜的散户们！过两天又要被科技股带沟里了！而且是活埋！真不知","","https://guba.eastmoney.com/news,sh000001,1760100022.html"
1760086706,看多,上证指数,上证指数吧,17,0,2026-08-17 14:46:18,牛来,"兄弟们晚上去看牛来，看牛来，牛就来","","https://guba.eastmoney.com/news,sh000001,1760086706.html"
1760079659,看空,上证指数,上证指数吧,17,0,2026-08-17 14:41:15,亏损,"不拉券商怎么过4000点呵呵还靠那些概念亏损业绩下滑的公司吗？","","https://guba.eastmoney.com/news,sh000001,1760079659.html"
1760078585,中性,上证指数,上证指数吧,17,1,2026-08-17 14:40:28,,"资金流入383亿","","https://guba.eastmoney.com/news,sh000001,1760078585.html"
1760075711,看多,上证指数,上证指数吧,17,0,2026-08-17 14:38:33,牛来,"牛来这个电影要支持","","https://guba.eastmoney.com/news,sh000001,1760075711.html"
1760074619,中性,上证指数,上证指数吧,17,0,2026-08-17 14:37:47,,"为啥今天普涨还是没量啊？","","https://guba.eastmoney.com/news,sh000001,1760074619.html"
1760084861,中性,创业板指,创业板指吧,17,1,2026-08-17 14:45:01,,"开超市，买了十只，都涨不过大盘，运气好到没边","","https://guba.eastmoney.com/news,sz399006,1760084861.html"
1760031452,中性,创业板指,创业板指吧,17,0,2026-08-17 14:05:59,,"今天单边上涨，不用怀疑","","https://guba.eastmoney.com/news,sz399006,1760031452.html"
1759982963,中性,创业板指,创业板指吧,17,0,2026-08-17 13:28:57,,"这个指数玩的挺溜的啥都不服，就服A子","","https://guba.eastmoney.com/news,sz399006,1759982963.html"
1759969125,中性,创业板指,创业板指吧,17,0,2026-08-17 13:19:16,,"现在拉科技没用了，都是过气了，","","https://guba.eastmoney.com/news,sz399006,1759969125.html"
1759967238,贪婪,创业板指,创业板指吧,17,0,2026-08-17 13:17:58,不卖,"五个股全绿，全绿，等会一回调可能又亏更多，幻想能拉红不卖，等会又不知什么结果","","https://guba.eastmoney.com/news,sz399006,1759967238.html"
1759964644,中性,创业板指,创业板指吧,17,0,2026-08-17 13:16:14,,"宇树科技上市，拓达斯是机器人潜力股，能连涨几版","","https://guba.eastmoney.com/news,sz399006,1759964644.html"
1759957443,看多,创业板指,创业板指吧,17,0,2026-08-17 13:11:12,主力,"山顶的兄弟别怕主力来救你们了创业板回来了","","https://guba.eastmoney.com/news,sz399006,1759957443.html"
1759950978,中性,创业板指,创业板指吧,17,0,2026-08-17 13:06:32,,"拉的啥玩意，上去快一个点了，盈利没变化","","https://guba.eastmoney.com/news,sz399006,1759950978.html"
1759861410,看多,创业板指,创业板指吧,17,0,2026-08-17 11:06:22,新高,"半导体继续新高，然后记住消化别来了","","https://guba.eastmoney.com/news,sz399006,1759861410.html"
1759861273,看多,创业板指,创业板指吧,17,0,2026-08-17 11:06:18,大牛|大牛市|牛市|牛来,"一部牛来的电影，成就了大牛市。","","https://guba.eastmoney.com/news,sz399006,1759861273.html"
1759856040,中性,创业板指,创业板指吧,17,0,2026-08-17 11:02:55,,"继续炒作吧。无语的存在。科技股还在炒。真是没完没了。","","https://guba.eastmoney.com/news,sz399006,1759856040.html"
1759855605,看空,创业板指,创业板指吧,17,0,2026-08-17 11:02:42,出货,"边拉边出货","","https://guba.eastmoney.com/news,sz399006,1759855605.html"
1759849969,看多,创业板指,创业板指吧,17,0,2026-08-17 10:59:14,抄底,"大家快抄底接盘","","https://guba.eastmoney.com/news,sz399006,1759849969.html"
1759830573,看多,创业板指,创业板指吧,17,0,2026-08-17 10:47:46,牛来,"牛来，都告诉你了","","https://guba.eastmoney.com/news,sz399006,1759830573.html"
1759824268,中性,创业板指,创业板指吧,17,0,2026-08-17 10:44:09,,"最后一棒是谁？","","https://guba.eastmoney.com/news,sz399006,1759824268.html"
1759802764,看多,创业板指,创业板指吧,17,0,2026-08-17 10:32:27,新高,"别人都要新高了，你还在这画心电图，真是rubbish","","https://guba.eastmoney.com/news,sz399006,1759802764.html"
1759800057,中性,创业板指,创业板指吧,17,0,2026-08-17 10:31:01,,"上周比科创强，这周要比科创弱。看好科技的可以切去科创了","","https://guba.eastmoney.com/news,sz399006,1759800057.html"
1759793023,中性,创业板指,创业板指吧,17,0,2026-08-17 10:27:30,,"快绿","","https://guba.eastmoney.com/news,sz399006,1759793023.html"
1759791730,中性,创业板指,创业板指吧,17,0,2026-08-17 10:26:49,,"反复横跳，拉跨","","https://guba.eastmoney.com/news,sz399006,1759791730.html"
1759751441,中性,创业板指,创业板指吧,17,0,2026-08-17 10:06:21,,"天天玩高开低走","","https://guba.eastmoney.com/news,sz399006,1759751441.html"
1760018035,中性,证券,证券Ⅱ吧,17,0,2026-08-17 13:55:36,,"降温降温","","https://guba.eastmoney.com/news,bk0473,1760018035.html"
1759974556,中性,证券,证券Ⅱ吧,17,0,2026-08-17 13:23:04,,"这种天天被狗子打压的板块很难形成合力了！","","https://guba.eastmoney.com/news,bk0473,1759974556.html"
1759956905,中性,证券,证券Ⅱ吧,17,0,2026-08-17 13:10:49,,"二五软一塌糊涂","","https://guba.eastmoney.com/news,bk0473,1759956905.html"
1759945683,中性,证券,证券Ⅱ吧,17,0,2026-08-17 13:02:18,,"拉科技砸券商","","https://guba.eastmoney.com/news,bk0473,1759945683.html"
1759874679,中性,证券,证券Ⅱ吧,17,0,2026-08-17 11:15:58,,"又回到了半导体每天早上装唐然后阴一把，证券每天早上装阴然后唐一把的时候","","https://guba.eastmoney.com/news,bk0473,1759874679.html"
1759867449,中性,证券,证券Ⅱ吧,17,0,2026-08-17 11:10:39,,"那怕券商都退市了，市场还是科技股能撑大旗，所谓的旗手已经日落西山了。","","https://guba.eastmoney.com/news,bk0473,1759867449.html"
1759851534,中性,证券,证券Ⅱ吧,17,0,2026-08-17 11:00:13,,"你跌的时候很从容，一路向下，涨的时候东张西望，小心翼翼","","https://guba.eastmoney.com/news,bk0473,1759851534.html"
1759845767,中性,证券,证券Ⅱ吧,17,0,2026-08-17 10:56:40,,"这到底是什么垃圾板块","","https://guba.eastmoney.com/news,bk0473,1759845767.html"
1759833937,中性,证券,证券Ⅱ吧,17,0,2026-08-17 10:49:40,,"持有券商的人应该都很有耐心，风雨不动安如山","","https://guba.eastmoney.com/news,bk0473,1759833937.html"
1759817087,中性,证券,证券Ⅱ吧,17,0,2026-08-17 10:40:09,,"你还能干啥","","https://guba.eastmoney.com/news,bk0473,1759817087.html"
1759793083,中性,证券,证券Ⅱ吧,17,0,2026-08-17 10:27:32,,"刚看见，整个板块换手率才0.3%","","https://guba.eastmoney.com/news,bk0473,1759793083.html"
1759787848,中性,证券,证券Ⅱ吧,17,0,2026-08-17 10:24:50,,"谁家孩子天天哭，原来是你","","https://guba.eastmoney.com/news,bk0473,1759787848.html"
1759754396,中性,证券,证券Ⅱ吧,17,0,2026-08-17 10:07:46,,"兵熊熊一个，","","https://guba.eastmoney.com/news,bk0473,1759754396.html"
1759665485,中性,证券,证券Ⅱ吧,17,0,2026-08-17 09:32:57,,"券商本周陆续公布业绩，如果再不涨果断离场，因为三四季度业绩同比肯定会下滑，限制量","","https://guba.eastmoney.com/news,bk0473,1759665485.html"
1759792681,中性,银行,银行Ⅱ吧,17,0,2026-08-17 10:27:20,,"pig:我不能亏，其它随意","","https://guba.eastmoney.com/news,bk0475,1759792681.html"
1759789674,中性,银行,银行Ⅱ吧,17,0,2026-08-17 10:25:45,,"求你了下去吧。别害人了","","https://guba.eastmoney.com/news,bk0475,1759789674.html"
1759781594,中性,银行,银行Ⅱ吧,17,0,2026-08-17 10:21:27,,"平台整理了一下，这眼瞅了又要往下了。按照跷跷板效应，大盘估计准备上4000了","","https://guba.eastmoney.com/news,bk0475,1759781594.html"
1760038173,中性,电力,电力吧,17,0,2026-08-17 14:11:21,,"搅棍板块！！！","","https://guba.eastmoney.com/news,bk0428,1760038173.html"
1759988209,中性,电力,电力吧,17,0,2026-08-17 13:32:50,,"科技涨你跌！科技跌你也跌！跌跌不休！","","https://guba.eastmoney.com/news,bk0428,1759988209.html"
1759973057,中性,电力,电力吧,17,0,2026-08-17 13:22:02,,"看看25年科技涨1000，电力跌30。觉得有可能？杂毛板块","","https://guba.eastmoney.com/news,bk0428,1759973057.html"
1759859564,中性,医疗器械,医疗器械吧,17,0,2026-08-17 11:05:05,,"最牛板块","","https://guba.eastmoney.com/news,bk1041,1759859564.html"
1760098030,看多,上证指数,上证指数吧,16,0,2026-08-17 14:53:19,牛来,"抖音上出现了一批骂牛来的兄弟们去反击他们","","https://guba.eastmoney.com/news,sh000001,1760098030.html"
1760094372,中性,上证指数,上证指数吧,16,0,2026-08-17 14:51:12,,"科技上涨1000000点，继续别停","","https://guba.eastmoney.com/news,sh000001,1760094372.html"
1760079351,中性,上证指数,上证指数吧,16,1,2026-08-17 14:41:01,,"我还有五只票是绿滴！！","","https://guba.eastmoney.com/news,sh000001,1760079351.html"
1760078948,看多,上证指数,上证指数吧,16,0,2026-08-17 14:40:42,牛来,"牛来还是太权威了，欠它一张电影票","","https://guba.eastmoney.com/news,sh000001,1760078948.html"
1760076752,中性,上证指数,上证指数吧,16,0,2026-08-17 14:39:06,,"尾盘站上60日均线，明天可期","","https://guba.eastmoney.com/news,sh000001,1760076752.html"
1760067286,看空,上证指数,上证指数吧,16,0,2026-08-17 14:32:12,跳水,"2点半，永不变的跳水，太残忍了","","https://guba.eastmoney.com/news,sh000001,1760067286.html"
1760067280,中性,上证指数,上证指数吧,16,0,2026-08-17 14:32:12,,"量化上班了","","https://guba.eastmoney.com/news,sh000001,1760067280.html"
1760066663,中性,上证指数,上证指数吧,16,0,2026-08-17 14:31:47,,"拉权重拉指数，个股都不怎么涨易跌难涨的","","https://guba.eastmoney.com/news,sh000001,1760066663.html"
1760099019,看空,创业板指,创业板指吧,16,0,2026-08-17 14:53:55,下跌,"今天收盘光头阳，明天开始新一轮下跌","","https://guba.eastmoney.com/news,sz399006,1760099019.html"
1760097330,中性,创业板指,创业板指吧,16,0,2026-08-17 14:52:58,,"都忘了7月份跌的不要不要的时候了","","https://guba.eastmoney.com/news,sz399006,1760097330.html"
1760073063,中性,创业板指,创业板指吧,16,0,2026-08-17 14:36:34,,"韭菜们每次都能成功躲开牛市","","https://guba.eastmoney.com/news,sz399006,1760073063.html"
1760054413,看多,创业板指,上证指数吧,16,0,2026-08-17 14:23:04,牛来,"你们都要感谢牛来","","https://guba.eastmoney.com/news,sh000001,1760054413.html"
1760012069,看多,创业板指,创业板指吧,16,1,2026-08-17 13:51:06,机会,"乘机会，拉爆小日子","","https://guba.eastmoney.com/news,sz399006,1760012069.html"
1759985469,中性,创业板指,创业板指吧,16,0,2026-08-17 13:30:46,,"买中际的还没卖完么","","https://guba.eastmoney.com/news,sz399006,1759985469.html"
1759969538,看多,创业板指,创业板指吧,16,0,2026-08-17 13:19:30,上车,"快下来我没上车啊大哥","","https://guba.eastmoney.com/news,sz399006,1759969538.html"
1759967520,中性,创业板指,创业板指吧,16,0,2026-08-17 13:18:10,,"易中天无敌，随手拿捏指数","","https://guba.eastmoney.com/news,sz399006,1759967520.html"
1759960543,中性,创业板指,创业板指吧,16,0,2026-08-17 13:13:22,,"科技兴国！科技兴国！科技兴国！赚麻了","","https://guba.eastmoney.com/news,sz399006,1759960543.html"
1759959448,看多,创业板指,创业板指吧,16,0,2026-08-17 13:12:36,牛来,"牛来，豹拉，收盘不下去，我就去支持10张电影票","","https://guba.eastmoney.com/news,sz399006,1759959448.html"
1759957834,中性,创业板指,创业板指吧,16,0,2026-08-17 13:11:29,放量|空仓,"拉了半天，也没放量啊，还是不能追，继续空仓，你随便啦","","https://guba.eastmoney.com/news,sz399006,1759957834.html"
1759954482,看空,创业板指,创业板指吧,16,0,2026-08-17 13:09:07,下跌,"又拉指数等一下跌又一起跌","","https://guba.eastmoney.com/news,sz399006,1759954482.html"
1759862028,中性,创业板指,创业板指吧,16,0,2026-08-17 11:06:47,,"指数拉冒烟个股跌成狗，每天准时被扣钱。","","https://guba.eastmoney.com/news,sz399006,1759862028.html"
1759860423,中性,创业板指,创业板指吧,16,0,2026-08-17 11:05:41,,"在不买就买不到了","","https://guba.eastmoney.com/news,sz399006,1759860423.html"
1759849404,中性,创业板指,创业板指吧,16,0,2026-08-17 10:58:54,,"准备180度跳","","https://guba.eastmoney.com/news,sz399006,1759849404.html"
1759840307,看多,创业板指,创业板指吧,16,0,2026-08-17 10:53:26,大涨,"赚认知内的钱，我不到科技大涨的理由。只能理解为机构被锁死在科技里面出不来了，拉的","","https://guba.eastmoney.com/news,sz399006,1759840307.html"
1759836445,中性,创业板指,创业板指吧,16,0,2026-08-17 10:51:13,,"感觉指数一拉，个股跌的就多，指数往下一走，个股反而会好点","","https://guba.eastmoney.com/news,sz399006,1759836445.html"
1759834148,中性,创业板指,创业板指吧,16,0,2026-08-17 10:49:48,,"创业板要跌破3590","","https://guba.eastmoney.com/news,sz399006,1759834148.html"
1759829880,看多,创业板指,创业板指吧,16,0,2026-08-17 10:47:20,牛来,"牛来豹拉今天晚上就去看","","https://guba.eastmoney.com/news,sz399006,1759829880.html"
1759803970,看多,创业板指,创业板指吧,16,1,2026-08-17 10:33:04,主力,"大家杀进科技与虎谋皮，与主力分杯羹吃","","https://guba.eastmoney.com/news,sz399006,1759803970.html"
1759800707,中性,创业板指,创业板指吧,16,0,2026-08-17 10:31:22,,"这种走势，最好别让外人看见，烫脸","","https://guba.eastmoney.com/news,sz399006,1759800707.html"
1759780203,中性,创业板指,创业板指吧,16,0,2026-08-17 10:20:42,,"黄蓝线，相互抵消，哎","","https://guba.eastmoney.com/news,sz399006,1759780203.html"
1759748654,中性,创业板指,创业板指吧,16,0,2026-08-17 10:05:06,,"创业板唯一绿的，怎么可能","","https://guba.eastmoney.com/news,sz399006,1759748654.html"
1760041143,中性,证券,证券Ⅱ吧,16,0,2026-08-17 14:13:32,,"一个该带头的板块在这拖后腿，真是搅棍！","","https://guba.eastmoney.com/news,bk0473,1760041143.html"
1759967291,中性,证券,证券Ⅱ吧,16,0,2026-08-17 13:18:00,,"马上降温！","","https://guba.eastmoney.com/news,bk0473,1759967291.html"
1759840137,中性,证券,证券Ⅱ吧,16,0,2026-08-17 10:53:20,,"买证券也比那些靠谱。到时候没人接他们货基金全跑还是他们自己玩散户留钱买低价。这次","","https://guba.eastmoney.com/news,bk0473,1759840137.html"
1759837480,中性,证券,证券Ⅱ吧,16,0,2026-08-17 10:51:48,,"温水煮青蛙，现在水已经烧到八十度了","","https://guba.eastmoney.com/news,bk0473,1759837480.html"
1759780972,中性,证券,证券Ⅱ吧,16,0,2026-08-17 10:21:06,,"大和证券，名不虚传","","https://guba.eastmoney.com/news,bk0473,1759780972.html"
1759716256,中性,证券,证券Ⅱ吧,16,1,2026-08-17 09:51:08,,"日线末端收敛结构又能磨一周","","https://guba.eastmoney.com/news,bk0473,1759716256.html"
1759853840,看多,银行,银行Ⅱ吧,16,0,2026-08-17 11:01:35,主力,"一定会拉银行的，别装了，主力精明的很","","https://guba.eastmoney.com/news,bk0475,1759853840.html"
1759786249,中性,银行,银行Ⅱ吧,16,0,2026-08-17 10:23:57,,"吸干全场了，","","https://guba.eastmoney.com/news,bk0475,1759786249.html"
1759778862,中性,银行,银行Ⅱ吧,16,0,2026-08-17 10:19:57,,"银行是没希望了","","https://guba.eastmoney.com/news,bk0475,1759778862.html"
1759738117,中性,银行,银行Ⅱ吧,16,0,2026-08-17 10:00:25,,"这几天会拉银行了","","https://guba.eastmoney.com/news,bk0475,1759738117.html"
1759725586,中性,银行,银行Ⅱ吧,16,1,2026-08-17 09:55:00,,"501300年化收益率5.27%的美国国债不比股票香？还这折价1.12%","","https://guba.eastmoney.com/news,bk0475,1759725586.html"
1759652406,中性,酿酒,酿酒概念吧,16,0,2026-08-17 09:29:14,,"今年茅台能破1000不","","https://guba.eastmoney.com/news,bk0477,1759652406.html"
1760064385,看空,电力,电力吧,16,0,2026-08-17 14:30:11,下跌,"上涨不行，下跌跟着冲勾庄一个","","https://guba.eastmoney.com/news,bk0428,1760064385.html"
1760057056,看多,电力,电力吧,16,0,2026-08-17 14:24:59,价值,"与大盘背离，完全没有投资价值。杂毛板块4000点你才板块红，50只个股还在领跌","","https://guba.eastmoney.com/news,bk0428,1760057056.html"
1759830297,中性,电力,电力吧,16,0,2026-08-17 10:47:36,,"板块","","https://guba.eastmoney.com/news,bk0428,1759830297.html"
1759876662,中性,半导体,半导体概念吧,16,0,2026-08-17 11:17:26,,"小张今天又憋不住要笑了","","https://guba.eastmoney.com/news,bk0917,1759876662.html"
1760100926,看多,上证指数,上证指数吧,15,0,2026-08-17 14:55:03,牛来,"真的牛来吗？","","https://guba.eastmoney.com/news,sh000001,1760100926.html"
1760100029,中性,上证指数,上证指数吧,15,0,2026-08-17 14:54:30,,"今天的心情很差，手里两个票都是绿的……","","https://guba.eastmoney.com/news,sh000001,1760100029.html"
1760094007,中性,上证指数,上证指数吧,15,0,2026-08-17 14:50:58,反弹|新低,"一个月下来，指数高歌猛进，板块也是反弹不少，手里天天新低的持仓是该走还是再忍忍?","","https://guba.eastmoney.com/news,sh000001,1760094007.html"
1760091699,看多,上证指数,上证指数吧,15,0,2026-08-17 14:49:30,牛来,"上5000千点给牛来包场三天","","https://guba.eastmoney.com/news,sh000001,1760091699.html"
1760088190,中性,上证指数,上证指数吧,15,0,2026-08-17 14:47:18,,"在加上今天有色板块共同推动了大盘","","https://guba.eastmoney.com/news,sh000001,1760088190.html"
1760086141,看多,上证指数,上证指数吧,15,0,2026-08-17 14:45:55,牛来,"牛来是对的今晚就去补票","","https://guba.eastmoney.com/news,sh000001,1760086141.html"
1760082676,看多,上证指数,上证指数吧,15,0,2026-08-17 14:43:29,牛来,"1年后，你真的看懂牛来了吗？","","https://guba.eastmoney.com/news,sh000001,1760082676.html"
1760080435,中性,上证指数,上证指数吧,15,0,2026-08-17 14:41:49,,"走势是真稳，关键劵商又涨了","","https://guba.eastmoney.com/news,sh000001,1760080435.html"
1760071956,看多,上证指数,上证指数吧,15,0,2026-08-17 14:35:41,牛来,"牛来功不可没呀","","https://guba.eastmoney.com/news,sh000001,1760071956.html"
1760070728,中性,上证指数,上证指数吧,15,0,2026-08-17 14:34:43,,"半导体上涨了太多，有可能接棒","","https://guba.eastmoney.com/news,sh000001,1760070728.html"
1760070083,看空,上证指数,上证指数吧,15,0,2026-08-17 14:34:14,跳水,"涨了一天了，2点半准时跳水，真特么牛鼻","","https://guba.eastmoney.com/news,sh000001,1760070083.html"
1760069414,看多,上证指数,上证指数吧,15,0,2026-08-17 14:33:46,加仓,"又加仓干002354","","https://guba.eastmoney.com/news,sh000001,1760069414.html"
1760069370,中性,上证指数,上证指数吧,15,0,2026-08-17 14:33:44,,"下跳表演","","https://guba.eastmoney.com/news,sh000001,1760069370.html"
1760069301,中性,上证指数,上证指数吧,15,0,2026-08-17 14:33:42,,"中报这么好没人知道吗","","https://guba.eastmoney.com/news,sh000001,1760069301.html"
1760067529,看空,上证指数,上证指数吧,15,0,2026-08-17 14:32:22,大跌|跳水,"大跌跳水，一泻千里！","","https://guba.eastmoney.com/news,sh000001,1760067529.html"
1760064506,看多,上证指数,上证指数吧,15,0,2026-08-17 14:30:16,突破|放量|诱多,"今天突破第一压力位3970，但是没有放量，有诱多嫌疑，明天4000点之前一定会打","","https://guba.eastmoney.com/news,sh000001,1760064506.html"
1760039094,看多,创业板指,创业板指吧,15,0,2026-08-17 14:12:02,大涨,"这个月相比来说指数大涨但并不是只涨科技，基本是普涨，不像六月份指数全靠科技，个股","","https://guba.eastmoney.com/news,sz399006,1760039094.html"
1760026730,看空,创业板指,创业板指吧,15,0,2026-08-17 14:02:16,跳水,"可以开始跳水了吧","","https://guba.eastmoney.com/news,sz399006,1760026730.html"
1760023985,看多,创业板指,创业板指吧,15,0,2026-08-17 14:00:10,牛来,"牛来牛来5000","","https://guba.eastmoney.com/news,sz399006,1760023985.html"
1760017951,看多,创业板指,创业板指吧,15,0,2026-08-17 13:55:33,牛来,"在拉一波牛来","","https://guba.eastmoney.com/news,sz399006,1760017951.html"
1760010666,看多,创业板指,创业板指吧,15,0,2026-08-17 13:50:01,拉升,"两点准时拉升","","https://guba.eastmoney.com/news,sz399006,1760010666.html"
1760009562,中性,创业板指,创业板指吧,15,0,2026-08-17 13:49:10,主力|诱多,"诱多，主力出筹码！","","https://guba.eastmoney.com/news,sz399006,1760009562.html"
1759992712,看多,创业板指,创业板指吧,15,0,2026-08-17 13:36:18,新高|拉升,"午后科技推动各指数涨幅度加大金禄电子、依顿电子等快速拉升创分时新高。 //@啄木","","https://guba.eastmoney.com/news,sz399006,1759992712.html"
1759978564,看空,创业板指,创业板指吧,15,0,2026-08-17 13:25:49,做空|诱多,"又要股指期货交割了，今天诱多后机构股指期货做空赚大钱！","","https://guba.eastmoney.com/news,sz399006,1759978564.html"
1759977781,中性,创业板指,创业板指吧,15,0,2026-08-17 13:25:17,,"别跳吧，能不能拉上去","","https://guba.eastmoney.com/news,sz399006,1759977781.html"
1759963498,中性,创业板指,创业板指吧,15,0,2026-08-17 13:15:25,,"都是啥玩意涨呢，纳闷","","https://guba.eastmoney.com/news,sz399006,1759963498.html"
1759948767,中性,创业板指,创业板指吧,15,0,2026-08-17 13:04:46,,"伪科技狂飙","","https://guba.eastmoney.com/news,sz399006,1759948767.html"
1759883328,中性,创业板指,创业板指吧,15,0,2026-08-17 11:22:28,,"指数回去了，账号里面的钱回去的有多少？","","https://guba.eastmoney.com/news,sz399006,1759883328.html"
1759860078,贪婪,创业板指,创业板指吧,15,0,2026-08-17 11:05:27,冲冲冲|冲冲冲,"冲冲冲，买买买","","https://guba.eastmoney.com/news,sz399006,1759860078.html"
1759855396,中性,创业板指,创业板指吧,15,0,2026-08-17 11:02:33,,"涨起来，不得排队看电影啊","","https://guba.eastmoney.com/news,sz399006,1759855396.html"
1759849319,看多,创业板指,创业板指吧,15,0,2026-08-17 10:58:50,新高,"科技股王者归来，将再创新高！","","https://guba.eastmoney.com/news,sz399006,1759849319.html"
1759831718,看空,创业板指,创业板指吧,15,0,2026-08-17 10:48:24,下跌,"下午科技跌下来又是四千家下跌哦","","https://guba.eastmoney.com/news,sz399006,1759831718.html"
1759818966,中性,创业板指,创业板指吧,15,0,2026-08-17 10:41:12,,"你们场内盆满钵满，场外是左右为难","","https://guba.eastmoney.com/news,sz399006,1759818966.html"
1759781405,中性,创业板指,创业板指吧,15,0,2026-08-17 10:21:20,,"双创永远涨，大家快来买","","https://guba.eastmoney.com/news,sz399006,1759781405.html"
1759769834,中性,创业板指,创业板指吧,15,0,2026-08-17 10:15:26,,"具身智能大脑已成核心竞争壁垒","","https://guba.eastmoney.com/news,sz399006,1759769834.html"
1759761844,中性,创业板指,创业板指吧,15,0,2026-08-17 10:11:26,,"几个小丑，除了无脑输出情绪还会干嘛？","","https://guba.eastmoney.com/news,sz399006,1759761844.html"
1760036260,中性,证券,证券Ⅱ吧,15,0,2026-08-17 14:09:51,,"可怜的成交量……","","https://guba.eastmoney.com/news,bk0473,1760036260.html"
1759893008,中性,证券,证券Ⅱ吧,15,0,2026-08-17 11:29:35,,"从亲儿子变成弃子","","https://guba.eastmoney.com/news,bk0473,1759893008.html"
1759867200,中性,证券,证券Ⅱ吧,15,0,2026-08-17 11:10:28,,"大盘所有板块只有证券板块是半死不活的。","","https://guba.eastmoney.com/news,bk0473,1759867200.html"
1759852807,中性,证券,证券Ⅱ吧,15,0,2026-08-17 11:01:00,,"散户多的地方就是土立土及，都说了主线是科技，让你们低吸科技，你们不信，亏麻了吧！","","https://guba.eastmoney.com/news,bk0473,1759852807.html"
1759833095,中性,证券,证券Ⅱ吧,15,0,2026-08-17 10:49:13,,"看看半导体，再看看证券，云泥之别，被踩在脚底下就是这种感觉","","https://guba.eastmoney.com/news,bk0473,1759833095.html"
1759828944,贪婪,证券,证券Ⅱ吧,15,0,2026-08-17 10:46:49,不卖,"庄家都明牌告诉你们了，只要你们不卖，他就不拉，什么技术线只要他想，横一年都行，均","","https://guba.eastmoney.com/news,bk0473,1759828944.html"
1759820234,中性,证券,证券Ⅱ吧,15,0,2026-08-17 10:41:53,,"你可以退出大a了","","https://guba.eastmoney.com/news,bk0473,1759820234.html"
1759817938,中性,证券,证券Ⅱ吧,15,0,2026-08-17 10:40:36,,"把证券板块踢出A股市场。看着他就恶心。","","https://guba.eastmoney.com/news,bk0473,1759817938.html"
1759763793,中性,证券,证券Ⅱ吧,15,0,2026-08-17 10:12:22,,"改名板块吧","","https://guba.eastmoney.com/news,bk0473,1759763793.html"
1759760284,中性,证券,证券Ⅱ吧,15,0,2026-08-17 10:10:38,,"强烈谴责融券+量化在这个板块无休止的来回收割！能不能给买这个证券板块的众多散户留","","https://guba.eastmoney.com/news,bk0473,1759760284.html"
1759752640,中性,证券,证券Ⅱ吧,15,0,2026-08-17 10:06:56,,"做回人吧","","https://guba.eastmoney.com/news,bk0473,1759752640.html"
1759675317,中性,证券,证券Ⅱ吧,15,0,2026-08-17 09:36:11,,"又报团了..","","https://guba.eastmoney.com/news,bk0473,1759675317.html"
1759674511,中性,银行,银行Ⅱ吧,15,0,2026-08-17 09:35:57,,"又报团了，MD","","https://guba.eastmoney.com/news,bk0475,1759674511.html"
1759958881,看空,白酒,白酒吧,15,0,2026-08-17 13:12:12,阴跌,"酒阴跌的，现在人气已经没了","","https://guba.eastmoney.com/news,bk0896,1759958881.html"
1759954622,中性,白酒,白酒吧,15,0,2026-08-17 13:09:13,,"不是我在想这些酒都是水做的吗？不是粮食都涨停了，酒一直跌，酒不是用粮食发酵的吗","","https://guba.eastmoney.com/news,bk0896,1759954622.html"
1760060819,恐慌,电力,电力吧,15,0,2026-08-17 14:27:36,暴跌|暴跌,"这玩意开始跟跌不跟涨了，暴跌要开始了","","https://guba.eastmoney.com/news,bk0428,1760060819.html"
1759815633,中性,电力,电力吧,15,0,2026-08-17 10:39:16,,"主要周五这个大阴线也太恶心了，五日线走的好好的突然来这种。","","https://guba.eastmoney.com/news,bk0428,1759815633.html"
1759687613,中性,电力,电力吧,15,0,2026-08-17 09:40:19,,"按着电力杀，没招","","https://guba.eastmoney.com/news,bk0428,1759687613.html"
1760104597,看多,上证指数,上证指数吧,14,0,2026-08-17 14:57:11,牛来,"《牛来》下架的原因吗","","https://guba.eastmoney.com/news,sh000001,1760104597.html"
1760100472,中性,上证指数,上证指数吧,14,0,2026-08-17 14:54:48,,"你们最终还是买了那不好意思！你买它得卖！","","https://guba.eastmoney.com/news,sh000001,1760100472.html"
1760094689,中性,上证指数,上证指数吧,14,0,2026-08-17 14:51:24,,"好强！可惜日线及周线不是多头排列？","","https://guba.eastmoney.com/news,sh000001,1760094689.html"
1760087668,中性,上证指数,上证指数吧,14,0,2026-08-17 14:46:57,,"你们自娱自乐，反正我不敢跟","","https://guba.eastmoney.com/news,sh000001,1760087668.html"
1760086474,中性,上证指数,上证指数吧,14,0,2026-08-17 14:46:08,,"4000?","","https://guba.eastmoney.com/news,sh000001,1760086474.html"
1760077597,中性,上证指数,上证指数吧,14,0,2026-08-17 14:39:45,,"今天没跑赢大盘","","https://guba.eastmoney.com/news,sh000001,1760077597.html"
1760077515,中性,上证指数,上证指数吧,14,1,2026-08-17 14:39:42,,"大赚22块钱","","https://guba.eastmoney.com/news,sh000001,1760077515.html"
1760075011,中性,上证指数,上证指数吧,14,0,2026-08-17 14:38:07,,"庆祝。科技板块回血百分之三十","","https://guba.eastmoney.com/news,sh000001,1760075011.html"
1760073743,中性,上证指数,上证指数吧,14,0,2026-08-17 14:37:06,,"绊倒体。","","https://guba.eastmoney.com/news,sh000001,1760073743.html"
1760071945,中性,上证指数,上证指数吧,14,0,2026-08-17 14:35:41,,"蓝筹包括券商真的不能涨，涨了会长不开心，关键是小散赚钱牠心里不舒服的","","https://guba.eastmoney.com/news,sh000001,1760071945.html"
1760071735,中性,上证指数,上证指数吧,14,0,2026-08-17 14:35:31,,"不久就会哭爹喊娘！","","https://guba.eastmoney.com/news,sh000001,1760071735.html"
1760069662,中性,上证指数,上证指数吧,14,0,2026-08-17 14:33:57,,"服了，大盘拉一天，我的票不跟，大盘尾盘跌，我的票开团猛跟，指数又要四千点了，多少","","https://guba.eastmoney.com/news,sh000001,1760069662.html"
1760067703,中性,上证指数,上证指数吧,14,0,2026-08-17 14:32:30,,"你今天完成了任务，但别掀桌子哟！！！！","","https://guba.eastmoney.com/news,sh000001,1760067703.html"
1760087950,中性,创业板指,创业板指吧,14,0,2026-08-17 14:47:08,牛来|跳水,"放心有牛来不会跳水的","","https://guba.eastmoney.com/news,sz399006,1760087950.html"
1760069679,看多,创业板指,创业板指吧,14,0,2026-08-17 14:33:58,反弹,"该逐渐卖出了，反弹尾声。九月下杀是必然","","https://guba.eastmoney.com/news,sz399006,1760069679.html"
1759984126,中性,创业板指,创业板指吧,14,0,2026-08-17 13:29:46,,"那还不如不要拉，又砸没了！","","https://guba.eastmoney.com/news,sz399006,1759984126.html"
1759978165,看空,创业板指,创业板指吧,14,0,2026-08-17 13:25:33,跳水,"科技下午跳水，我说的，耶稣也拦不住","","https://guba.eastmoney.com/news,sz399006,1759978165.html"
1759973744,中性,创业板指,创业板指吧,14,0,2026-08-17 13:22:28,,"为了指数好看，又打压老登，拉科技","","https://guba.eastmoney.com/news,sz399006,1759973744.html"
1759965741,中性,创业板指,创业板指吧,14,0,2026-08-17 13:16:57,,"老登股又是要跌一个月嘛","","https://guba.eastmoney.com/news,sz399006,1759965741.html"
1759962094,中性,创业板指,创业板指吧,14,0,2026-08-17 13:14:23,,"别涨了，我卖飞了，真难受","","https://guba.eastmoney.com/news,sz399006,1759962094.html"
1759957375,中性,创业板指,创业板指吧,14,0,2026-08-17 13:11:09,,"这么拉创业板指就是找死的节奏","","https://guba.eastmoney.com/news,sz399006,1759957375.html"
1759954115,中性,创业板指,创业板指吧,14,0,2026-08-17 13:08:50,,"疯狂了吗？","","https://guba.eastmoney.com/news,sz399006,1759954115.html"
1759948895,中性,创业板指,创业板指吧,14,0,2026-08-17 13:04:52,,"令人发指","","https://guba.eastmoney.com/news,sz399006,1759948895.html"
1759889836,看多,创业板指,创业板指吧,14,0,2026-08-17 11:27:14,上车|牛来,"牛来，快上车","","https://guba.eastmoney.com/news,sz399006,1759889836.html"
1759880055,中性,创业板指,创业板指吧,14,0,2026-08-17 11:20:00,,"科技研发太简单了，只要基金抱团拉高散户无脑接盘就实现了","","https://guba.eastmoney.com/news,sz399006,1759880055.html"
1759873203,中性,创业板指,创业板指吧,14,0,2026-08-17 11:14:54,,"跳呀","","https://guba.eastmoney.com/news,sz399006,1759873203.html"
1759861293,看空,创业板指,创业板指吧,14,0,2026-08-17 11:06:18,做空,"坚决做空伪科技，什么遥遥领先，都是扯蛋","","https://guba.eastmoney.com/news,sz399006,1759861293.html"
1759856246,中性,创业板指,创业板指吧,14,0,2026-08-17 11:03:03,,"基金天天作妖","","https://guba.eastmoney.com/news,sz399006,1759856246.html"
1759756613,中性,创业板指,创业板指吧,14,0,2026-08-17 10:08:53,,"最烂的ai应用板块","","https://guba.eastmoney.com/news,sz399006,1759756613.html"
1759749896,中性,创业板指,创业板指吧,14,0,2026-08-17 10:05:40,,"老登起，科技落","","https://guba.eastmoney.com/news,sz399006,1759749896.html"
1760097805,中性,证券,证券Ⅱ吧,14,0,2026-08-17 14:53:12,,"买券商的人真倒霉啊！！！","","https://guba.eastmoney.com/news,bk0473,1760097805.html"
1760027631,中性,证券,证券Ⅱ吧,14,0,2026-08-17 14:02:57,,"一点量都没有，呵呵","","https://guba.eastmoney.com/news,bk0473,1760027631.html"
1760024489,中性,证券,证券Ⅱ吧,14,0,2026-08-17 14:00:33,,"科技已经全部涨停了哈哈","","https://guba.eastmoney.com/news,bk0473,1760024489.html"
1760015625,中性,证券,证券Ⅱ吧,14,0,2026-08-17 13:53:50,,"证券在拉了，小心点","","https://guba.eastmoney.com/news,bk0473,1760015625.html"
1759992325,中性,证券,证券Ⅱ吧,14,0,2026-08-17 13:36:00,,"死了一样","","https://guba.eastmoney.com/news,bk0473,1759992325.html"
1759967772,中性,证券,证券Ⅱ吧,14,0,2026-08-17 13:18:20,,"行不行好吧，","","https://guba.eastmoney.com/news,bk0473,1759967772.html"
1759967500,中性,证券,证券Ⅱ吧,14,0,2026-08-17 13:18:09,,"给条活路吧，天天这么打压券商","","https://guba.eastmoney.com/news,bk0473,1759967500.html"
1759827715,中性,证券,证券Ⅱ吧,14,0,2026-08-17 10:46:08,,"建议有意见的投资者。去问问券商！天天风向标！故意操控市场，","","https://guba.eastmoney.com/news,bk0473,1759827715.html"
1759720930,看空,证券,证券Ⅱ吧,14,0,2026-08-17 09:52:53,破位,"破位的垃圾板块向下走势图牛逼","","https://guba.eastmoney.com/news,bk0473,1759720930.html"
1759800604,中性,银行,银行Ⅱ吧,14,0,2026-08-17 10:31:18,,"下去倒霉玩意儿","","https://guba.eastmoney.com/news,bk0475,1759800604.html"
1759755610,中性,银行,银行Ⅱ吧,14,0,2026-08-17 10:08:22,,"又在抱团","","https://guba.eastmoney.com/news,bk0475,1759755610.html"
1760002207,中性,酿酒,酿酒概念吧,14,0,2026-08-17 13:43:31,,"白酒不配涨是吗？","","https://guba.eastmoney.com/news,bk0477,1760002207.html"
1760070745,中性,白酒,白酒吧,14,0,2026-08-17 14:34:44,,"为啥板块都要红了，白酒指数还在趴着？","","https://guba.eastmoney.com/news,bk0896,1760070745.html"
1759977663,中性,医疗服务,医疗服务吧,14,0,2026-08-17 13:25:11,,"医疗部分。，资金可以慢慢撤走。","","https://guba.eastmoney.com/news,bk0727,1759977663.html"
1760103847,看多,上证指数,上证指数吧,13,1,2026-08-17 14:56:40,牛来,"我只想说一句：牛来虽然垃圾但是我还是喜欢牛来为什么呢？牛来骗我八百遍我待牛来如初","","https://guba.eastmoney.com/news,sh000001,1760103847.html"
1760101935,贪婪,上证指数,上证指数吧,13,0,2026-08-17 14:55:33,缩量|重仓,"基金主导在拉基金重仓股，缩量上涨，加速赶顶","","https://guba.eastmoney.com/news,sh000001,1760101935.html"
1760100187,中性,上证指数,上证指数吧,13,0,2026-08-17 14:54:36,,"空中加油了，明天上穿缺口","","https://guba.eastmoney.com/news,sh000001,1760100187.html"
1760095604,中性,上证指数,上证指数吧,13,0,2026-08-17 14:51:57,,"一个星期的行情 一天就完成了。。。","","https://guba.eastmoney.com/news,sh000001,1760095604.html"
1760094691,看多,上证指数,上证指数吧,13,0,2026-08-17 14:51:24,大涨|放量,"放量大涨，牛归了吗","","https://guba.eastmoney.com/news,sh000001,1760094691.html"
1760089850,中性,上证指数,上证指数吧,13,0,2026-08-17 14:48:24,,"这种行情把散户往科技板块赶","","https://guba.eastmoney.com/news,sh000001,1760089850.html"
1760085927,中性,上证指数,上证指数吧,13,0,2026-08-17 14:45:46,,"量能不够小心了","","https://guba.eastmoney.com/news,sh000001,1760085927.html"
1760082965,中性,上证指数,上证指数吧,13,0,2026-08-17 14:43:42,,"好了，收盘吧","","https://guba.eastmoney.com/news,sh000001,1760082965.html"
1760081637,看空,上证指数,上证指数吧,13,0,2026-08-17 14:42:42,诱多,"希望这次不是诱多","","https://guba.eastmoney.com/news,sh000001,1760081637.html"
1760076480,中性,上证指数,上证指数吧,13,0,2026-08-17 14:38:57,,"同样是ai概念，半导体资金流入第一，ai应用流岀第一","","https://guba.eastmoney.com/news,sh000001,1760076480.html"
1760072284,中性,上证指数,上证指数吧,13,0,2026-08-17 14:35:56,,"最后一次截杀、绝杀！","","https://guba.eastmoney.com/news,sh000001,1760072284.html"
1760071108,中性,上证指数,上证指数吧,13,0,2026-08-17 14:35:02,,"放心，回本的票出来我也只拿来买理财，不会买科技和补仓的~你放心吸血吧~","","https://guba.eastmoney.com/news,sh000001,1760071108.html"
1760062014,看空,上证指数,上证指数吧,13,0,2026-08-17 14:28:27,跳水,"两点半准时开始跳水","","https://guba.eastmoney.com/news,sh000001,1760062014.html"
1760101482,看多,创业板指,创业板指吧,13,0,2026-08-17 14:55:20,大涨|放量,"放量大涨了","","https://guba.eastmoney.com/news,sz399006,1760101482.html"
1760077079,中性,创业板指,创业板指吧,13,0,2026-08-17 14:39:21,,"说了还是科技，科技最少还有半个月的小行情，哈哈，继续吃肉","","https://guba.eastmoney.com/news,sz399006,1760077079.html"
1760073686,中性,创业板指,创业板指吧,13,0,2026-08-17 14:37:04,,"可以减了K线红2个就得绿","","https://guba.eastmoney.com/news,sz399006,1760073686.html"
1760067752,看空,创业板指,创业板指吧,13,0,2026-08-17 14:32:32,跳水,"又要开始跳水了吗","","https://guba.eastmoney.com/news,sz399006,1760067752.html"
1760049172,中性,创业板指,创业板指吧,13,0,2026-08-17 14:19:20,,"长太快，今天的多头，明天的空头","","https://guba.eastmoney.com/news,sz399006,1760049172.html"
1760030721,中性,创业板指,创业板指吧,13,0,2026-08-17 14:05:25,,"@罗平锌电磷化铟全球短缺7成，可以说极其短缺。铟没有矿，只能是锌矿冶炼的伴生品。","","https://guba.eastmoney.com/news,sz399006,1760030721.html"
1760015793,中性,创业板指,创业板指吧,13,0,2026-08-17 13:53:58,,"大幅涨的都是国资创投的票","","https://guba.eastmoney.com/news,sz399006,1760015793.html"
1759998278,中性,创业板指,创业板指吧,13,0,2026-08-17 13:40:27,,"建议股票计入股指时，按流通股算，不要按总量计，新上市的大盘股忽高忽低，把其他股票","","https://guba.eastmoney.com/news,sz399006,1759998278.html"
1759988095,中性,创业板指,创业板指吧,13,0,2026-08-17 13:32:45,,"大盘4000点不会成为阻碍。。","","https://guba.eastmoney.com/news,sz399006,1759988095.html"
1759955269,中性,创业板指,创业板指吧,13,0,2026-08-17 13:09:40,,"最后的阶段","","https://guba.eastmoney.com/news,sz399006,1759955269.html"
1759954135,中性,创业板指,创业板指吧,13,0,2026-08-17 13:08:50,,"指数上天","","https://guba.eastmoney.com/news,sz399006,1759954135.html"
1759897201,中性,创业板指,创业板指吧,13,0,2026-08-17 11:34:31,,"还是要看量","","https://guba.eastmoney.com/news,sz399006,1759897201.html"
1759883217,中性,创业板指,创业板指吧,13,0,2026-08-17 11:22:22,,"一下就从3673跌到3665","","https://guba.eastmoney.com/news,sz399006,1759883217.html"
1759865118,中性,创业板指,创业板指吧,13,0,2026-08-17 11:09:00,,"这勾史行情，高就套，杀完就拉","","https://guba.eastmoney.com/news,sz399006,1759865118.html"
1759858025,看空,创业板指,创业板指吧,13,0,2026-08-17 11:04:10,套牢,"看看沟装如何解放套牢盘","","https://guba.eastmoney.com/news,sz399006,1759858025.html"
1759857662,中性,创业板指,创业板指吧,13,0,2026-08-17 11:03:54,,"半导体不死，天理难容","","https://guba.eastmoney.com/news,sz399006,1759857662.html"
1759856987,中性,创业板指,创业板指吧,13,0,2026-08-17 11:03:29,牛来|跳水,"下午不跳水，坚决看牛来","","https://guba.eastmoney.com/news,sz399006,1759856987.html"
1759803594,看多,创业板指,创业板指吧,13,0,2026-08-17 10:32:53,牛来,"周末牛来了。今天牛没了","","https://guba.eastmoney.com/news,sz399006,1759803594.html"
1759774890,中性,创业板指,创业板指吧,13,0,2026-08-17 10:18:00,,"创业板都是牛B大公司，居然没一个低于150亿市值的","","https://guba.eastmoney.com/news,sz399006,1759774890.html"
1760062947,看空,证券,证券Ⅱ吧,13,0,2026-08-17 14:29:08,缩量,"大盘天天缩量上涨，干嘛呢","","https://guba.eastmoney.com/news,bk0473,1760062947.html"
1759996141,中性,证券,证券Ⅱ吧,13,0,2026-08-17 13:38:50,,"成交量不足半导体十分之一","","https://guba.eastmoney.com/news,bk0473,1759996141.html"
1759988508,看空,证券,证券Ⅱ吧,13,0,2026-08-17 13:33:04,套牢,"这里的套牢盘比科技里的还多","","https://guba.eastmoney.com/news,bk0473,1759988508.html"
1759876631,看空,证券,证券Ⅱ吧,13,0,2026-08-17 11:17:24,砸盘,"券商无人问津，冲关也不用券商了，只有砸盘用得到，这个板块被某些人玩坏了","","https://guba.eastmoney.com/news,bk0473,1759876631.html"
1759851014,中性,证券,证券Ⅱ吧,13,0,2026-08-17 10:59:53,,"用得着？大盘照样涨","","https://guba.eastmoney.com/news,bk0473,1759851014.html"
1759762110,看空,证券,证券Ⅱ吧,13,0,2026-08-17 10:11:33,砸盘,"检测到风险，请立刻开始砸盘","","https://guba.eastmoney.com/news,bk0473,1759762110.html"
1759731269,中性,证券,证券Ⅱ吧,13,0,2026-08-17 09:57:28,,"肥料板块，只能燃烧自己照亮别人","","https://guba.eastmoney.com/news,bk0473,1759731269.html"
1759722174,中性,证券,证券Ⅱ吧,13,0,2026-08-17 09:53:25,,"无以伦比的表自板块","","https://guba.eastmoney.com/news,bk0473,1759722174.html"
1759698451,中性,证券,证券Ⅱ吧,13,0,2026-08-17 09:44:11,,"这风向标玩的！","","https://guba.eastmoney.com/news,bk0473,1759698451.html"
1759666976,中性,证券,证券Ⅱ吧,13,0,2026-08-17 09:33:27,,"那个板块都能涨，就这个后妈生的不涨","","https://guba.eastmoney.com/news,bk0473,1759666976.html"
1759962673,中性,银行,银行Ⅱ吧,13,0,2026-08-17 13:14:47,,"功成身退","","https://guba.eastmoney.com/news,bk0475,1759962673.html"
1759722653,中性,银行,银行Ⅱ吧,13,1,2026-08-17 09:53:36,,"滚下去","","https://guba.eastmoney.com/news,bk0475,1759722653.html"
1759966005,中性,酿酒,酿酒概念吧,13,0,2026-08-17 13:17:07,,"老喝醉。","","https://guba.eastmoney.com/news,bk0477,1759966005.html"
1759797426,中性,半导体,半导体概念吧,13,0,2026-08-17 10:29:42,,"QQL太","","https://guba.eastmoney.com/news,bk0917,1759797426.html"
1759973139,看空,医疗器械,医疗器械吧,13,0,2026-08-17 13:22:05,清仓,"我不清仓跟你姓！","","https://guba.eastmoney.com/news,bk1041,1759973139.html"
1760102120,看多,上证指数,上证指数吧,12,0,2026-08-17 14:55:40,牛来,"看来牛来得看啊","","https://guba.eastmoney.com/news,sh000001,1760102120.html"
1760100822,中性,上证指数,上证指数吧,12,0,2026-08-17 14:55:00,,"跟跌不跟涨，干着急，","","https://guba.eastmoney.com/news,sh000001,1760100822.html"
1760100139,看多,上证指数,上证指数吧,12,0,2026-08-17 14:54:35,大涨,"大涨后怎么操作","","https://guba.eastmoney.com/news,sh000001,1760100139.html"
1760096994,看空,上证指数,上证指数吧,12,0,2026-08-17 14:52:45,诱多,"诱多诱多，不要上当，血淋淋教训才一个字难道忘了吗","","https://guba.eastmoney.com/news,sh000001,1760096994.html"
1760095295,中性,上证指数,上证指数吧,12,1,2026-08-17 14:51:46,,"指数涨了，股票跌了","","https://guba.eastmoney.com/news,sh000001,1760095295.html"
1760090602,中性,上证指数,上证指数吧,12,1,2026-08-17 14:48:53,,"指数马上4200账户还在3800点","","https://guba.eastmoney.com/news,sh000001,1760090602.html"
1760089524,中性,上证指数,上证指数吧,12,0,2026-08-17 14:48:10,,"蹦的越高，接的越惨","","https://guba.eastmoney.com/news,sh000001,1760089524.html"
1760088671,看空,上证指数,上证指数吧,12,0,2026-08-17 14:47:38,缩量,"今天的盘面很诡异，靠权重托指数持续缩量+快速轮动量价背离，存量资金消耗完之后，一","","https://guba.eastmoney.com/news,sh000001,1760088671.html"
1760079869,中性,上证指数,上证指数吧,12,0,2026-08-17 14:41:23,,"涨的时候自己的半死不活，跌的时候永争第一，唉","","https://guba.eastmoney.com/news,sh000001,1760079869.html"
1760076468,中性,上证指数,上证指数吧,12,0,2026-08-17 14:38:56,反弹|主力|利空|下跌|出货,"为什么下跌的时候利空到处有，反弹出货利空全消失？主力机构庄家联合媒体，都是有预谋","","https://guba.eastmoney.com/news,sh000001,1760076468.html"
1760075600,中性,上证指数,上证指数吧,12,0,2026-08-17 14:38:28,,"机构游资抱团同化","","https://guba.eastmoney.com/news,sh000001,1760075600.html"
1760072398,中性,上证指数,上证指数吧,12,0,2026-08-17 14:36:02,,"现在炒股不要去看业绩好不好，只看它赛道对不对。","","https://guba.eastmoney.com/news,sh000001,1760072398.html"
1760070204,中性,上证指数,上证指数吧,12,0,2026-08-17 14:34:19,,"资金流入267亿，继续流入。","","https://guba.eastmoney.com/news,sh000001,1760070204.html"
1760069113,中性,上证指数,上证指数吧,12,0,2026-08-17 14:33:33,,"好了伤疤忘了疼","","https://guba.eastmoney.com/news,sh000001,1760069113.html"
1760066953,中性,上证指数,上证指数吧,12,0,2026-08-17 14:31:59,,"收割开始了","","https://guba.eastmoney.com/news,sh000001,1760066953.html"
1760066340,恐慌,上证指数,上证指数吧,12,0,2026-08-17 14:31:34,完了,"完了完了，追高了，又被套了","","https://guba.eastmoney.com/news,sh000001,1760066340.html"
1760066159,中性,上证指数,上证指数吧,12,0,2026-08-17 14:31:27,,"14:30到了","","https://guba.eastmoney.com/news,sh000001,1760066159.html"
1760090299,看多,创业板指,创业板指吧,12,0,2026-08-17 14:48:41,机会,"公司是河南省财政厅控股的国有企业！牛！低价1.3元的牛股的新机会：重组预期越来越","","https://guba.eastmoney.com/news,sz399006,1760090299.html"
1760075357,中性,创业板指,创业板指吧,12,0,2026-08-17 14:38:19,,"可以了，收盘涨2.7就行了，别涨太多，不然要回调，","","https://guba.eastmoney.com/news,sz399006,1760075357.html"
1760074548,中性,创业板指,创业板指吧,12,0,2026-08-17 14:37:45,,"空狗不要砸拉已经很了","","https://guba.eastmoney.com/news,sz399006,1760074548.html"
1760041208,看多,创业板指,创业板指吧,12,0,2026-08-17 14:13:35,牛来,"订票看牛来","","https://guba.eastmoney.com/news,sz399006,1760041208.html"
1760039059,看多,创业板指,创业板指吧,12,0,2026-08-17 14:12:00,反弹,"正式宣布创业科创反弹结束","","https://guba.eastmoney.com/news,sz399006,1760039059.html"
1760035303,中性,创业板指,创业板指吧,12,0,2026-08-17 14:09:07,,"这群狗机构就知道抱团","","https://guba.eastmoney.com/news,sz399006,1760035303.html"
1760032653,看多,创业板指,创业板指吧,12,0,2026-08-17 14:06:57,牛来,"真要这么涨，一起去看牛来才行啊，这样牛才能持续啊","","https://guba.eastmoney.com/news,sz399006,1760032653.html"
1759976257,中性,创业板指,创业板指吧,12,0,2026-08-17 13:24:14,,"五个股，红了一个零点几又可能要变绿了，天天这样亏法受不了了","","https://guba.eastmoney.com/news,sz399006,1759976257.html"
1759971339,中性,创业板指,创业板指吧,12,0,2026-08-17 13:20:45,,"今晚英伟达下砸，明天肯定瘪下去！","","https://guba.eastmoney.com/news,sz399006,1759971339.html"
1759964415,看多,创业板指,创业板指吧,12,0,2026-08-17 13:16:04,加仓,"怕这怕那的怎么做交易？加仓试探了","","https://guba.eastmoney.com/news,sz399006,1759964415.html"
1759963321,看多,创业板指,创业板指吧,12,0,2026-08-17 13:15:14,满仓,"满仓买入，再不买都买不到了","","https://guba.eastmoney.com/news,sz399006,1759963321.html"
1759959147,中性,创业板指,创业板指吧,12,0,2026-08-17 13:12:24,,"10月1前到4000点","","https://guba.eastmoney.com/news,sz399006,1759959147.html"
1759959135,中性,创业板指,创业板指吧,12,0,2026-08-17 13:12:24,,"每次上涨都拉科技，出不了货还得拉，那跌下来干嘛？跌着玩？","","https://guba.eastmoney.com/news,sz399006,1759959135.html"
1759847454,中性,创业板指,创业板指吧,12,0,2026-08-17 10:57:45,,"今天上4000呗","","https://guba.eastmoney.com/news,sz399006,1759847454.html"
1759784701,贪婪,创业板指,创业板指吧,12,0,2026-08-17 10:23:06,满仓|满仓干,"买买买，满仓干","","https://guba.eastmoney.com/news,sz399006,1759784701.html"
1759758908,中性,创业板指,创业板指吧,12,0,2026-08-17 10:10:02,,"独绿","","https://guba.eastmoney.com/news,sz399006,1759758908.html"
1760014744,中性,证券,证券Ⅱ吧,12,0,2026-08-17 13:53:11,,"点火了","","https://guba.eastmoney.com/news,bk0473,1760014744.html"
1759671610,中性,证券,证券Ⅱ吧,12,1,2026-08-17 09:35:02,,"谁发明了金融三傻","","https://guba.eastmoney.com/news,bk0473,1759671610.html"
1759665787,看空,证券,证券Ⅱ吧,12,0,2026-08-17 09:33:03,下跌,"这些个均线，下跌的时候跟纸糊的一样，上涨的时候就硬如磐石","","https://guba.eastmoney.com/news,bk0473,1759665787.html"
1760041549,中性,银行,银行Ⅱ吧,12,0,2026-08-17 14:13:49,,"很牛批哄哄，冲上去把半导体光模块cpo的钱抢了","","https://guba.eastmoney.com/news,bk0475,1760041549.html"
1760042698,中性,白酒,白酒吧,12,0,2026-08-17 14:14:29,,"白酒的退市是很有可能的","","https://guba.eastmoney.com/news,bk0896,1760042698.html"
1759962191,中性,白酒,白酒吧,12,0,2026-08-17 13:14:28,,"带酒字的愣是一个没涨","","https://guba.eastmoney.com/news,bk0896,1759962191.html"
1760104591,中性,上证指数,上证指数吧,11,0,2026-08-17 14:57:11,,"疯了？","","https://guba.eastmoney.com/news,sh000001,1760104591.html"
1760104500,中性,上证指数,上证指数吧,11,0,2026-08-17 14:57:05,,"明天，再往3996.562点靠拢。野猴子3分钟左右推不了。","","https://guba.eastmoney.com/news,sh000001,1760104500.html"
1760101995,中性,上证指数,上证指数吧,11,0,2026-08-17 14:55:35,,"的，今天还亏几个点","","https://guba.eastmoney.com/news,sh000001,1760101995.html"
1760098671,中性,上证指数,上证指数吧,11,1,2026-08-17 14:53:43,,"今天酒板块走势不好，资金分流了","","https://guba.eastmoney.com/news,sh000001,1760098671.html"
1760097671,中性,上证指数,上证指数吧,11,0,2026-08-17 14:53:08,,"明天上去把那个缺口补了，继续向4千点前进！大A加油！！","","https://guba.eastmoney.com/news,sh000001,1760097671.html"
1760091882,看多,上证指数,上证指数吧,11,0,2026-08-17 14:49:37,牛来,"这是牛来带来的喜悦吗","","https://guba.eastmoney.com/news,sh000001,1760091882.html"
1760090297,中性,上证指数,上证指数吧,11,0,2026-08-17 14:48:41,,"证实了月初中信策略看好推荐:能化，非银金融，创新药！它推荐的它不买拼命卖跌成啥样","","https://guba.eastmoney.com/news,sh000001,1760090297.html"
1760087045,看多,上证指数,上证指数吧,11,0,2026-08-17 14:46:32,加仓|做多,"今天有做多的资金加仓了！","","https://guba.eastmoney.com/news,sh000001,1760087045.html"
1760086472,中性,上证指数,上证指数吧,11,0,2026-08-17 14:46:07,,"强行没有跳?","","https://guba.eastmoney.com/news,sh000001,1760086472.html"
1760086013,看多,上证指数,上证指数吧,11,0,2026-08-17 14:45:49,牛来,"牛来导演连夜拿钱补了绊倒体，然后金盘洗手不干了","","https://guba.eastmoney.com/news,sh000001,1760086013.html"
1760080209,中性,上证指数,上证指数吧,11,0,2026-08-17 14:41:39,,"我的牛喃我的牛喃？连大盘都没跑赢。谁把我的牛牵走了","","https://guba.eastmoney.com/news,sh000001,1760080209.html"
1760077512,中性,上证指数,上证指数吧,11,0,2026-08-17 14:39:42,,"指数是回来了，钱却没了","","https://guba.eastmoney.com/news,sh000001,1760077512.html"
1760074450,看多,上证指数,上证指数吧,11,0,2026-08-17 14:37:38,大涨,"最讨厌的就是普涨大涨涨指数","","https://guba.eastmoney.com/news,sh000001,1760074450.html"
1760072625,看多,上证指数,上证指数吧,11,0,2026-08-17 14:36:13,牛来,"牛来！真的会来吗？","","https://guba.eastmoney.com/news,sh000001,1760072625.html"
1760072185,中性,上证指数,上证指数吧,11,0,2026-08-17 14:35:52,,"今天的中阳线是市场自己走出来的吗？","","https://guba.eastmoney.com/news,sh000001,1760072185.html"
1760070734,中性,上证指数,上证指数吧,11,0,2026-08-17 14:34:44,,"明天大调整","","https://guba.eastmoney.com/news,sh000001,1760070734.html"
1760069570,中性,上证指数,上证指数吧,11,0,2026-08-17 14:33:52,,"$上证指数(SH000001)$","","https://guba.eastmoney.com/news,sh000001,1760069570.html"
1760069202,看空,上证指数,上证指数吧,11,0,2026-08-17 14:33:37,跳水,"稳住，慢慢来，不要跳水就行了，可持续发展才是硬道理","","https://guba.eastmoney.com/news,sh000001,1760069202.html"
1760068940,中性,上证指数,上证指数吧,11,0,2026-08-17 14:33:25,,"两点半准时","","https://guba.eastmoney.com/news,sh000001,1760068940.html"
1760068241,看空,上证指数,上证指数吧,11,0,2026-08-17 14:32:52,跳水,"没有一天不跳水的吧？","","https://guba.eastmoney.com/news,sh000001,1760068241.html"
1760067939,看多,上证指数,上证指数吧,11,0,2026-08-17 14:32:39,牛来,"牛来啦，冲鸭","","https://guba.eastmoney.com/news,sh000001,1760067939.html"
1760066440,中性,上证指数,上证指数吧,11,0,2026-08-17 14:31:38,,"接盘的有点少啊","","https://guba.eastmoney.com/news,sh000001,1760066440.html"
1760066199,看空,上证指数,上证指数吧,11,0,2026-08-17 14:31:29,跌停,"收盘跌停","","https://guba.eastmoney.com/news,sh000001,1760066199.html"
1760063449,中性,上证指数,上证指数吧,11,0,2026-08-17 14:29:29,,"科技股半导体我先套现了买房子去了","","https://guba.eastmoney.com/news,sh000001,1760063449.html"
1760062921,看空,上证指数,上证指数吧,11,0,2026-08-17 14:29:06,跳水,"大盘普涨不要追，追进去必跳水。把手里有的票通通卖个相对好价才是唯一正确操作。","","https://guba.eastmoney.com/news,sh000001,1760062921.html"
1760062477,中性,上证指数,上证指数吧,11,0,2026-08-17 14:28:46,,"万向钱潮","","https://guba.eastmoney.com/news,sh000001,1760062477.html"
1760096078,看多,创业板指,创业板指吧,11,0,2026-08-17 14:52:14,牛来,"你我都欠牛来一张电影票。","","https://guba.eastmoney.com/news,sz399006,1760096078.html"
1760089324,中性,创业板指,创业板指吧,11,0,2026-08-17 14:48:02,,"股价仅1.33元的省财政厅控股的国企！豫资控股的省级投资平台巨头！","","https://guba.eastmoney.com/news,sz399006,1760089324.html"
1760083942,中性,创业板指,创业板指吧,11,0,2026-08-17 14:44:21,,"靠pcb转cpo亏死了，最近pcb被cpo吊打，半个月差了10几个点。","","https://guba.eastmoney.com/news,sz399006,1760083942.html"
1760070827,看空,创业板指,创业板指吧,11,0,2026-08-17 14:34:49,跳水,"今天还会跳水吗？","","https://guba.eastmoney.com/news,sz399006,1760070827.html"
1760066814,中性,创业板指,创业板指吧,11,0,2026-08-17 14:31:52,,"神奇两点半","","https://guba.eastmoney.com/news,sz399006,1760066814.html"
1760028563,看多,创业板指,创业板指吧,11,0,2026-08-17 14:03:43,抄底,"资金持续抄底股市，会反转？！","","https://guba.eastmoney.com/news,sz399006,1760028563.html"
1760022344,中性,创业板指,创业板指吧,11,0,2026-08-17 13:58:55,,"科技爆涨","","https://guba.eastmoney.com/news,sz399006,1760022344.html"
1759962172,看多,创业板指,创业板指吧,11,0,2026-08-17 13:14:27,牛来,"春天来了，科技股骑着牛来了！","","https://guba.eastmoney.com/news,sz399006,1759962172.html"
1759949633,中性,创业板指,创业板指吧,11,0,2026-08-17 13:05:29,,"要信早信","","https://guba.eastmoney.com/news,sz399006,1759949633.html"
1760035630,中性,证券,证券Ⅱ吧,11,0,2026-08-17 14:09:23,,"证券是市场的倒数","","https://guba.eastmoney.com/news,bk0473,1760035630.html"
1759798126,中性,证券,证券Ⅱ吧,11,0,2026-08-17 10:30:03,,"还不如大盘5000亿的成交量，没人玩，怎么可能涨","","https://guba.eastmoney.com/news,bk0473,1759798126.html"
1759790724,中性,证券,证券Ⅱ吧,11,0,2026-08-17 10:26:17,,"证券就是垃圾几","","https://guba.eastmoney.com/news,bk0473,1759790724.html"
1759743198,看空,证券,证券Ⅱ吧,11,0,2026-08-17 10:02:42,破位,"板块走势图已经破位了，真正鬼子垃圾庄家板块","","https://guba.eastmoney.com/news,bk0473,1759743198.html"
1759834387,恐慌,电力,电力吧,11,0,2026-08-17 10:49:58,清仓|销户,"大盘跌你跌！大盘涨你还跌！天天跌跌不休！清仓销户了！","","https://guba.eastmoney.com/news,bk0428,1759834387.html"
1760093464,看多,半导体,半导体概念吧,11,0,2026-08-17 14:50:38,牛来,"牛来","","https://guba.eastmoney.com/news,bk0917,1760093464.html"
1759798004,中性,半导体,半导体概念吧,11,0,2026-08-17 10:30:00,,"QQL大","","https://guba.eastmoney.com/news,bk0917,1759798004.html"
1760104632,中性,上证指数,上证指数吧,10,0,2026-08-17 14:57:14,,"大盘又要回四千点罗，可我的钱呢，去哪了","","https://guba.eastmoney.com/news,sh000001,1760104632.html"
1760102201,中性,上证指数,上证指数吧,10,1,2026-08-17 14:55:43,,"这种普涨行情才是所有股民期盼的行情","","https://guba.eastmoney.com/news,sh000001,1760102201.html"
1760095810,看多,上证指数,上证指数吧,10,0,2026-08-17 14:52:04,牛来,"牛来还是太权威了","","https://guba.eastmoney.com/news,sh000001,1760095810.html"
1760088225,看多,上证指数,上证指数吧,10,0,2026-08-17 14:47:19,牛来,"先买张牛来的票纪念一下","","https://guba.eastmoney.com/news,sh000001,1760088225.html"
1760085522,中性,上证指数,上证指数吧,10,1,2026-08-17 14:45:29,,"要到5800点","","https://guba.eastmoney.com/news,sh000001,1760085522.html"
1760077364,看多,上证指数,上证指数吧,10,0,2026-08-17 14:39:35,牛来,"牛来了，今天冲上4000","","https://guba.eastmoney.com/news,sh000001,1760077364.html"
1760070064,看空,上证指数,上证指数吧,10,0,2026-08-17 14:34:13,跳水,"怎么隐隐有种要跳水的感觉","","https://guba.eastmoney.com/news,sh000001,1760070064.html"
1760069337,看空,上证指数,上证指数吧,10,0,2026-08-17 14:33:42,套牢,"头顶山一样的套牢盘，没有增量资金进场是冲不过去的，还得洗","","https://guba.eastmoney.com/news,sh000001,1760069337.html"
1760069249,中性,上证指数,上证指数吧,10,0,2026-08-17 14:33:38,,"韩国支柱过去是造船车，现在是芯片，我们支柱也会成为芯片","","https://guba.eastmoney.com/news,sh000001,1760069249.html"
1760068928,中性,上证指数,上证指数吧,10,0,2026-08-17 14:33:24,,"还不跌呀，明天日子不用过了","","https://guba.eastmoney.com/news,sh000001,1760068928.html"
1760068814,中性,上证指数,上证指数吧,10,0,2026-08-17 14:33:18,,"大盘张冒烟了，我还是绿的","","https://guba.eastmoney.com/news,sh000001,1760068814.html"
1760068390,看空,上证指数,上证指数吧,10,0,2026-08-17 14:32:59,跳水,"跳水冠军准时到场","","https://guba.eastmoney.com/news,sh000001,1760068390.html"
1760067941,中性,上证指数,上证指数吧,10,0,2026-08-17 14:32:39,,"舒服吧","","https://guba.eastmoney.com/news,sh000001,1760067941.html"
1760067221,看空,上证指数,上证指数吧,10,0,2026-08-17 14:32:09,跳水,"这就又要跳水了？！！！","","https://guba.eastmoney.com/news,sh000001,1760067221.html"
1760066788,中性,上证指数,上证指数吧,10,0,2026-08-17 14:31:52,,"闹钟响了","","https://guba.eastmoney.com/news,sh000001,1760066788.html"
1760062493,看空,上证指数,上证指数吧,10,0,2026-08-17 14:28:48,跳水,"要两点半了，你可以开始跳水了，大庄家好能在竞价时使劲的拿筹码","","https://guba.eastmoney.com/news,sh000001,1760062493.html"
1760062087,中性,上证指数,上证指数吧,10,0,2026-08-17 14:28:30,,"开始老乡别走了","","https://guba.eastmoney.com/news,sh000001,1760062087.html"
1760059657,中性,上证指数,上证指数吧,10,0,2026-08-17 14:26:45,,"拼命拉保险，准备拉银行","","https://guba.eastmoney.com/news,sh000001,1760059657.html"
1760059433,中性,上证指数,上证指数吧,10,0,2026-08-17 14:26:36,,"开跳开跳","","https://guba.eastmoney.com/news,sh000001,1760059433.html"
1760093993,看空,创业板指,创业板指吧,10,0,2026-08-17 14:50:57,跳水,"今天失信了，不准时跳水！","","https://guba.eastmoney.com/news,sz399006,1760093993.html"
1760054868,看多,创业板指,创业板指吧,10,1,2026-08-17 14:23:24,大牛,"哈哈。永远要相信我们的科技，这才刚刚起步，未来十年大牛","","https://guba.eastmoney.com/news,sz399006,1760054868.html"
1760041897,中性,创业板指,创业板指吧,10,0,2026-08-17 14:14:00,,"拉科技，***","","https://guba.eastmoney.com/news,sz399006,1760041897.html"
1760036029,看多,创业板指,创业板指吧,10,0,2026-08-17 14:09:42,上车,"3%了，明天又2%，还不上车","","https://guba.eastmoney.com/news,sz399006,1760036029.html"
1760032396,中性,创业板指,创业板指吧,10,0,2026-08-17 14:06:44,,"机构今天疯了","","https://guba.eastmoney.com/news,sz399006,1760032396.html"
1759958596,看多,创业板指,创业板指吧,10,0,2026-08-17 13:12:01,拉升,"趁韩国市场休市，大幅拉升吸引资金，一","","https://guba.eastmoney.com/news,sz399006,1759958596.html"
1759819074,中性,创业板指,创业板指吧,10,0,2026-08-17 10:41:16,,"伪科技股一涨，其它就跌","","https://guba.eastmoney.com/news,sz399006,1759819074.html"
1760102923,中性,证券,证券Ⅱ吧,10,1,2026-08-17 14:56:08,,"托长鑫的福今天跟在后面吃了点皮","","https://guba.eastmoney.com/news,bk0473,1760102923.html"
1760102764,看空,证券,证券Ⅱ吧,10,0,2026-08-17 14:56:03,砸盘|缩量,"保持缩量砸盘","","https://guba.eastmoney.com/news,bk0473,1760102764.html"
1760085600,中性,证券,证券Ⅱ吧,10,2,2026-08-17 14:45:32,,"科技不死，券商永远趴着。","","https://guba.eastmoney.com/news,bk0473,1760085600.html"
1760063582,中性,证券,证券Ⅱ吧,10,0,2026-08-17 14:29:34,,"看吧，拭目以待","","https://guba.eastmoney.com/news,bk0473,1760063582.html"
1759775427,中性,证券,证券Ⅱ吧,10,0,2026-08-17 10:18:15,,"茅坑里的纸，用完就扔","","https://guba.eastmoney.com/news,bk0473,1759775427.html"
1759757716,中性,证券,证券公司吧,10,0,2026-08-17 10:09:25,,"有事砸证券，没事证券砸，证券就是只管die的板块了","","https://guba.eastmoney.com/news,sz399975,1759757716.html"
1760063206,中性,银行,银行Ⅱ吧,10,0,2026-08-17 14:29:18,,"真黏牙","","https://guba.eastmoney.com/news,bk0475,1760063206.html"
1760007817,中性,银行,银行Ⅱ吧,10,0,2026-08-17 13:47:49,,"你拉个锤子","","https://guba.eastmoney.com/news,bk0475,1760007817.html"
1759757281,中性,银行,银行Ⅱ吧,10,0,2026-08-17 10:09:13,,"银行5日线持续走平，要拉了，银行板块这个位置0.6倍市净率，往下去没空间，所以只","","https://guba.eastmoney.com/news,bk0475,1759757281.html"
1760105670,看多,上证指数,上证指数吧,9,0,2026-08-17 14:58:18,牛来,"今日盘面评奖一等功：斯密达休市二等功：茅子三等功：出圈《牛来》","","https://guba.eastmoney.com/news,sh000001,1760105670.html"
1760105382,看多,上证指数,上证指数吧,9,0,2026-08-17 14:58:01,牛来,"给牛来道歉！","","https://guba.eastmoney.com/news,sh000001,1760105382.html"
1760105037,中性,上证指数,上证指数吧,9,1,2026-08-17 14:57:39,,"翻了几十倍的科技股让人去接盘，去吧去吧","","https://guba.eastmoney.com/news,sh000001,1760105037.html"
1760104490,中性,上证指数,上证指数吧,9,0,2026-08-17 14:57:04,,"涨的太好了，应该删交易软件了","","https://guba.eastmoney.com/news,sh000001,1760104490.html"
1760103016,中性,上证指数,上证指数吧,9,0,2026-08-17 14:56:12,,"没意思，跟跌不跟涨","","https://guba.eastmoney.com/news,sh000001,1760103016.html"
1760100603,中性,上证指数,上证指数吧,9,0,2026-08-17 14:54:52,,"明天继续一片红火","","https://guba.eastmoney.com/news,sh000001,1760100603.html"
1760094731,中性,上证指数,上证指数吧,9,0,2026-08-17 14:51:25,,"指数回来了，钱没回来","","https://guba.eastmoney.com/news,sh000001,1760094731.html"
1760089327,看多,上证指数,上证指数吧,9,0,2026-08-17 14:48:02,牛市,"都以为点位过高有风险。……大A的真正牛市才刚刚开始！……","","https://guba.eastmoney.com/news,sh000001,1760089327.html"
1760087531,中性,上证指数,上证指数吧,9,0,2026-08-17 14:46:52,,"就看明天3981.67点缺口能不能给补了在站上4050","","https://guba.eastmoney.com/news,sh000001,1760087531.html"
1760086666,中性,上证指数,上证指数吧,9,0,2026-08-17 14:46:16,,"动用了中芯国际寒武纪在加上劵商还有银行板块尽管没涨多少，但是也稳定了大盘","","https://guba.eastmoney.com/news,sh000001,1760086666.html"
1760084458,中性,上证指数,上证指数吧,9,0,2026-08-17 14:44:43,,"网上砖家说M1M2的剪刀差为负值，股市没有新资金进场，还是存量资金在博弈。是不是","","https://guba.eastmoney.com/news,sh000001,1760084458.html"
1760084409,看多,上证指数,上证指数吧,9,0,2026-08-17 14:44:41,牛来,"谢谢，牛来。","","https://guba.eastmoney.com/news,sh000001,1760084409.html"
1760083263,看空,上证指数,上证指数吧,9,0,2026-08-17 14:43:53,杀跌,"又到了逃命时间，日线2浪杀跌恐怖异常","","https://guba.eastmoney.com/news,sh000001,1760083263.html"
1760080918,中性,上证指数,上证指数吧,9,0,2026-08-17 14:42:11,,"明天上四千","","https://guba.eastmoney.com/news,sh000001,1760080918.html"
1760078829,看多,上证指数,上证指数吧,9,0,2026-08-17 14:40:37,底部,"指数又快回来了，我账户还在底部横盘震荡，上哪说理去？","","https://guba.eastmoney.com/news,sh000001,1760078829.html"
1760078205,看多,上证指数,上证指数吧,9,0,2026-08-17 14:40:11,牛来,"牛来，豹啦！","","https://guba.eastmoney.com/news,sh000001,1760078205.html"
1760077272,看多,上证指数,上证指数吧,9,0,2026-08-17 14:39:31,突破,"年线，60日线，缺口，都在这，突破很难了","","https://guba.eastmoney.com/news,sh000001,1760077272.html"
1760072261,中性,上证指数,上证指数吧,9,0,2026-08-17 14:35:56,,"高端资本新变革！必须高科技路线才会获得用户的认可和支持！","","https://guba.eastmoney.com/news,sh000001,1760072261.html"
1760070660,恐慌,上证指数,上证指数吧,9,0,2026-08-17 14:34:39,跳水|恐慌,"天天喊二点半跳水的了这个点每天都有很大抛压肯定会有下浮震荡很多人一看恐慌","","https://guba.eastmoney.com/news,sh000001,1760070660.html"
1760070473,中性,上证指数,上证指数吧,9,0,2026-08-17 14:34:31,,"兆易创新比茅台成交额大几倍，真有意思","","https://guba.eastmoney.com/news,sh000001,1760070473.html"
1760069021,中性,上证指数,上证指数吧,9,0,2026-08-17 14:33:29,,"节目开始","","https://guba.eastmoney.com/news,sh000001,1760069021.html"
1760068918,中性,上证指数,上证指数吧,9,0,2026-08-17 14:33:23,,"可技术性回调看空，但切不可过度看空。","","https://guba.eastmoney.com/news,sh000001,1760068918.html"
1760067578,看多,上证指数,上证指数吧,9,0,2026-08-17 14:32:25,牛来,"涨了，晚上去看电影，牛来","","https://guba.eastmoney.com/news,sh000001,1760067578.html"
1760065991,中性,上证指数,上证指数吧,9,0,2026-08-17 14:31:20,,"牛会回速归","","https://guba.eastmoney.com/news,sh000001,1760065991.html"
1760063587,中性,上证指数,上证指数吧,9,0,2026-08-17 14:29:34,,"出现了。跑单来了。我先撤","","https://guba.eastmoney.com/news,sh000001,1760063587.html"
1760062782,看空,上证指数,上证指数吧,9,0,2026-08-17 14:29:00,跳水,"国家跳水队来了","","https://guba.eastmoney.com/news,sh000001,1760062782.html"
1760060317,中性,上证指数,上证指数吧,9,0,2026-08-17 14:27:14,,"时辰已到！跳！！！！","","https://guba.eastmoney.com/news,sh000001,1760060317.html"
1760067212,中性,创业板指,创业板指吧,9,0,2026-08-17 14:32:09,,"2.30开砸","","https://guba.eastmoney.com/news,sz399006,1760067212.html"
1760063524,中性,创业板指,创业板指吧,9,0,2026-08-17 14:29:31,,"@中航重机中航重疾的会物管理人无毛兴哥，躺平弟王不红","","https://guba.eastmoney.com/news,sz399006,1760063524.html"
1760062147,看空,创业板指,创业板指吧,9,0,2026-08-17 14:28:33,下跌,"明天又要下跌了！","","https://guba.eastmoney.com/news,sz399006,1760062147.html"
1760057248,中性,创业板指,创业板指吧,9,0,2026-08-17 14:25:07,,"位置来的了崖顶，往前往后自己判断。","","https://guba.eastmoney.com/news,sz399006,1760057248.html"
1760048338,看多,创业板指,创业板指吧,9,0,2026-08-17 14:18:45,牛来,"牛来了，买","","https://guba.eastmoney.com/news,sz399006,1760048338.html"
1760038479,看多,创业板指,创业板指吧,9,0,2026-08-17 14:11:34,大涨,"不是凯侠中午大涨，能有这，挂件","","https://guba.eastmoney.com/news,sz399006,1760038479.html"
1760027117,看多,创业板指,创业板指吧,9,0,2026-08-17 14:02:33,机会|上车,"哈哈，全面爆拉，不给韭菜上车机会","","https://guba.eastmoney.com/news,sz399006,1760027117.html"
1760026527,中性,创业板指,创业板指吧,9,0,2026-08-17 14:02:06,,"pcB光模块","","https://guba.eastmoney.com/news,sz399006,1760026527.html"
1760105175,中性,证券,证券Ⅱ吧,9,0,2026-08-17 14:57:48,,"买券商真倒霉，涨的时候没它，跌的时候它最狠","","https://guba.eastmoney.com/news,bk0473,1760105175.html"
1760094183,中性,证券,证券Ⅱ吧,9,0,2026-08-17 14:51:04,,"这次补缺口还不用证券？那就真没啥盼头了","","https://guba.eastmoney.com/news,bk0473,1760094183.html"
1759769752,中性,证券,证券Ⅱ吧,9,0,2026-08-17 10:15:23,,"撒必板块！！","","https://guba.eastmoney.com/news,bk0473,1759769752.html"
1760001169,中性,互联网,互联网服务吧,9,0,2026-08-17 13:42:44,,"它能红吗？","","https://guba.eastmoney.com/news,bk0447,1760001169.html"
1760105183,看空,上证指数,上证指数吧,8,0,2026-08-17 14:57:49,出货,"涨的都是急的出货的","","https://guba.eastmoney.com/news,sh000001,1760105183.html"
1760104988,看多,上证指数,兴业科技吧,8,0,2026-08-17 14:57:36,大涨|新高,"基本确定今晚美股AXT大涨或创新高，而兴业科技离历史新高只差一个涨停！加油","","https://guba.eastmoney.com/news,002674,1760104988.html"
1760104274,中性,上证指数,上证指数吧,8,0,2026-08-17 14:56:54,,"又回到6月份的形态了","","https://guba.eastmoney.com/news,sh000001,1760104274.html"
1760104173,中性,上证指数,上证指数吧,8,0,2026-08-17 14:56:51,,"不玩了撤短线等下的时候再进","","https://guba.eastmoney.com/news,sh000001,1760104173.html"
1760090477,中性,上证指数,上证指数吧,8,0,2026-08-17 14:48:48,,"医药尾盘又来了点量，这玩意倒强不强的，明天看情况了，反正手里誉衡神奇都是先手，假","","https://guba.eastmoney.com/news,sh000001,1760090477.html"
1760085198,中性,上证指数,上证指数吧,8,0,2026-08-17 14:45:14,,"股市红火了才能促进拉动消费","","https://guba.eastmoney.com/news,sh000001,1760085198.html"
1760082165,中性,上证指数,上证指数吧,8,0,2026-08-17 14:43:05,,"太好了涨势如虹。","","https://guba.eastmoney.com/news,sh000001,1760082165.html"
1760081526,中性,上证指数,上证指数吧,8,0,2026-08-17 14:42:36,,"一直在回本的路上","","https://guba.eastmoney.com/news,sh000001,1760081526.html"
1760079621,中性,上证指数,上证指数吧,8,0,2026-08-17 14:41:13,,"以前天天跌，现在天天涨","","https://guba.eastmoney.com/news,sh000001,1760079621.html"
1760078758,看多,上证指数,上证指数吧,8,0,2026-08-17 14:40:33,抄底,"600517在低位，电力股可抄底","","https://guba.eastmoney.com/news,sh000001,1760078758.html"
1760078095,中性,上证指数,上证指数吧,8,0,2026-08-17 14:40:06,,"这次下套下本钱了","","https://guba.eastmoney.com/news,sh000001,1760078095.html"
1760074716,中性,上证指数,上证指数吧,8,0,2026-08-17 14:37:53,放量|清仓,"小散跑得快，完全可以等放量滞涨的拐点再跑，一秒清仓","","https://guba.eastmoney.com/news,sh000001,1760074716.html"
1760071101,看多,上证指数,上证指数吧,8,0,2026-08-17 14:35:01,牛来,"明天继续牛来","","https://guba.eastmoney.com/news,sh000001,1760071101.html"
1760068763,中性,上证指数,上证指数吧,8,0,2026-08-17 14:33:15,,"跳下去","","https://guba.eastmoney.com/news,sh000001,1760068763.html"
1760068436,中性,上证指数,上证指数吧,8,0,2026-08-17 14:33:01,,"每次拉科技都没好事","","https://guba.eastmoney.com/news,sh000001,1760068436.html"
1760067978,看空,上证指数,上证指数吧,8,0,2026-08-17 14:32:42,出货,"尾盘又要大量出货了？","","https://guba.eastmoney.com/news,sh000001,1760067978.html"
1760067454,看空,上证指数,上证指数吧,8,0,2026-08-17 14:32:20,跳水,"跳水了","","https://guba.eastmoney.com/news,sh000001,1760067454.html"
1760067019,中性,上证指数,上证指数吧,8,0,2026-08-17 14:32:01,,"准备好了吗？请开始你的表演","","https://guba.eastmoney.com/news,sh000001,1760067019.html"
1760066784,看空,上证指数,上证指数吧,8,0,2026-08-17 14:31:51,跳水,"又到了尾盘跳水环节","","https://guba.eastmoney.com/news,sh000001,1760066784.html"
1760066505,看空,上证指数,上证指数吧,8,0,2026-08-17 14:31:40,跳水,"跳水开始，快点的吧，等着接呢","","https://guba.eastmoney.com/news,sh000001,1760066505.html"
1760063327,中性,上证指数,上证指数吧,8,0,2026-08-17 14:29:24,,"基苟们狂欢了！","","https://guba.eastmoney.com/news,sh000001,1760063327.html"
1760061834,看多,上证指数,上证指数吧,8,0,2026-08-17 14:28:19,机会|加仓,"大A站上五日线就是加仓机会!","","https://guba.eastmoney.com/news,sh000001,1760061834.html"
1760059955,看空,上证指数,上证指数吧,8,0,2026-08-17 14:26:59,跳水,"跳水表演开始了。","","https://guba.eastmoney.com/news,sh000001,1760059955.html"
1760059582,中性,上证指数,上证指数吧,8,0,2026-08-17 14:26:42,,"该跌了","","https://guba.eastmoney.com/news,sh000001,1760059582.html"
1760077644,看多,创业板指,创业板指吧,8,0,2026-08-17 14:39:47,新高,"真棒，吧美国马上拉新高了","","https://guba.eastmoney.com/news,sz399006,1760077644.html"
1760061646,中性,创业板指,创业板指吧,8,0,2026-08-17 14:28:11,,"差不多了，该二次收割了。","","https://guba.eastmoney.com/news,sz399006,1760061646.html"
1760057647,中性,创业板指,创业板指吧,8,0,2026-08-17 14:25:22,,"3个点也冲不过去有点弱","","https://guba.eastmoney.com/news,sz399006,1760057647.html"
1760030099,恐慌,创业板指,创业板指吧,8,0,2026-08-17 14:04:56,暴跌|暴跌,"明天一定是暴跌的一天","","https://guba.eastmoney.com/news,sz399006,1760030099.html"
1760029304,中性,创业板指,创业板指吧,8,0,2026-08-17 14:04:19,,"这波3800结束","","https://guba.eastmoney.com/news,sz399006,1760029304.html"
1760027296,中性,创业板指,创业板指吧,8,1,2026-08-17 14:02:41,,"牛回速归","","https://guba.eastmoney.com/news,sz399006,1760027296.html"
1760093906,中性,证券,证券Ⅱ吧,8,0,2026-08-17 14:50:54,,"跑不赢大盘","","https://guba.eastmoney.com/news,bk0473,1760093906.html"
1760046173,中性,银行,银行Ⅱ吧,8,0,2026-08-17 14:17:05,,"银行下来，大盘能涨100点","","https://guba.eastmoney.com/news,bk0475,1760046173.html"
1760031615,中性,银行,银行Ⅱ吧,8,0,2026-08-17 14:06:06,,"银行反腐，一查一个准，天天搅棍，看看国外银行，渣打汇丰","","https://guba.eastmoney.com/news,bk0475,1760031615.html"
1760045858,中性,电力,电力吧,8,0,2026-08-17 14:16:50,,"跪久了。都站不起来","","https://guba.eastmoney.com/news,bk0428,1760045858.html"
1760104907,贪婪,上证指数,上证指数吧,7,0,2026-08-17 14:57:30,满仓|满仓干,"满仓干干干","","https://guba.eastmoney.com/news,sh000001,1760104907.html"
1760094469,中性,上证指数,上证指数吧,7,0,2026-08-17 14:51:16,,"明天拿什么涨不过了？","","https://guba.eastmoney.com/news,sh000001,1760094469.html"
1760090709,中性,上证指数,上证指数吧,7,0,2026-08-17 14:48:57,,"3995.81","","https://guba.eastmoney.com/news,sh000001,1760090709.html"
1760090546,中性,上证指数,上证指数吧,7,0,2026-08-17 14:48:50,,"牛来，哈哈哈","","https://guba.eastmoney.com/news,sh000001,1760090546.html"
1760088446,看多,上证指数,上证指数吧,7,0,2026-08-17 14:47:29,主力,"今天拉起来证明主力有实力也有能力维护市场稳定一日游行情，散户只能做配角","","https://guba.eastmoney.com/news,sh000001,1760088446.html"
1760086739,中性,上证指数,上证指数吧,7,0,2026-08-17 14:46:19,,"抱团科技好","","https://guba.eastmoney.com/news,sh000001,1760086739.html"
1760084237,看空,上证指数,上证指数吧,7,0,2026-08-17 14:44:34,大跌,"本周大跌，管住手","","https://guba.eastmoney.com/news,sh000001,1760084237.html"
1760080349,中性,上证指数,上证指数吧,7,0,2026-08-17 14:41:46,,"强行站上年线？明天看你守不守得住","","https://guba.eastmoney.com/news,sh000001,1760080349.html"
1760077556,看多,上证指数,上证指数吧,7,0,2026-08-17 14:39:43,牛来,"电影不就说牛来了吗？还有爆拉呢。","","https://guba.eastmoney.com/news,sh000001,1760077556.html"
1760076449,中性,上证指数,上证指数吧,7,0,2026-08-17 14:38:56,,"大盘回来了，我的钱还没回来","","https://guba.eastmoney.com/news,sh000001,1760076449.html"
1760069730,中性,上证指数,上证指数吧,7,0,2026-08-17 14:34:00,,"大翔，守住，大翔，守住","","https://guba.eastmoney.com/news,sh000001,1760069730.html"
1760068541,中性,上证指数,上证指数吧,7,0,2026-08-17 14:33:05,,"老乡别走了","","https://guba.eastmoney.com/news,sh000001,1760068541.html"
1760067732,中性,上证指数,上证指数吧,7,0,2026-08-17 14:32:31,,"老登们吃药喝酒的日子一去不复返了！……","","https://guba.eastmoney.com/news,sh000001,1760067732.html"
1760065565,看多,上证指数,上证指数吧,7,0,2026-08-17 14:31:04,牛来,"牛来爆拉，满手涨停收盘","","https://guba.eastmoney.com/news,sh000001,1760065565.html"
1760063538,中性,上证指数,上证指数吧,7,0,2026-08-17 14:29:32,,"60线压制","","https://guba.eastmoney.com/news,sh000001,1760063538.html"
1760061957,看多,上证指数,上证指数吧,7,0,2026-08-17 14:28:24,牛市,"涨这么多、这么强、现在是牛市的、什么阶段啊……请选择：1锅牛、2病牛、3疯牛","","https://guba.eastmoney.com/news,sh000001,1760061957.html"
1760060042,中性,上证指数,上证指数吧,7,0,2026-08-17 14:27:03,,"踏空观望的一天","","https://guba.eastmoney.com/news,sh000001,1760060042.html"
1760059616,看空,上证指数,上证指数吧,7,0,2026-08-17 14:26:44,跳水,"没增量资金进场，马上跳水了","","https://guba.eastmoney.com/news,sh000001,1760059616.html"
1760092061,中性,创业板指,创业板指吧,7,0,2026-08-17 14:49:45,,"八月接下来有3次股指期货交割，机构会猛砸赚大钱！","","https://guba.eastmoney.com/news,sz399006,1760092061.html"
1760089729,中性,创业板指,创业板指吧,7,0,2026-08-17 14:48:19,,"指数回去了，钱丢了","","https://guba.eastmoney.com/news,sz399006,1760089729.html"
1760063213,中性,创业板指,创业板指吧,7,0,2026-08-17 14:29:18,,"$$我国四海昇平，国泰民安，促进粤港澳经贸基建，教育，医疗，科技活水内循环，再大","","https://guba.eastmoney.com/news,sz399006,1760063213.html"
1760061177,看多,创业板指,创业板指吧,7,0,2026-08-17 14:27:50,大涨,"大涨的都是国资入股的票","","https://guba.eastmoney.com/news,sz399006,1760061177.html"
1760049371,中性,创业板指,创业板指吧,7,0,2026-08-17 14:19:29,,"$$这次史诗级的金牛狂舞嘉年华，兄弟姐妹要抓紧哦。。","","https://guba.eastmoney.com/news,sz399006,1760049371.html"
1760046620,看空,创业板指,创业板指吧,7,0,2026-08-17 14:17:27,做空,"股指期货交割到了要做空了！","","https://guba.eastmoney.com/news,sz399006,1760046620.html"
1760034192,看多,创业板指,创业板指吧,7,0,2026-08-17 14:08:12,牛来,"欠牛来一场电影。","","https://guba.eastmoney.com/news,sz399006,1760034192.html"
1760026140,看多,创业板指,创业板指吧,7,0,2026-08-17 14:01:48,牛来,"牛来了家人们","","https://guba.eastmoney.com/news,sz399006,1760026140.html"
1760074314,中性,证券,证券Ⅱ吧,7,0,2026-08-17 14:37:31,,"拉科技砸券商","","https://guba.eastmoney.com/news,bk0473,1760074314.html"
1759742280,恐慌,证券,证券Ⅱ吧,7,0,2026-08-17 10:02:17,麻木|麻木了,"麻木了","","https://guba.eastmoney.com/news,bk0473,1759742280.html"
1760105198,看多,上证指数,上证指数吧,6,0,2026-08-17 14:57:50,牛来,"不看牛来，对不起今天行情，以后都不会遇到……","","https://guba.eastmoney.com/news,sh000001,1760105198.html"
1760088455,中性,上证指数,上证指数吧,6,0,2026-08-17 14:47:29,,"ai和科技这个大梦幻机。产业延伸到了各个实体行业了吗？","","https://guba.eastmoney.com/news,sh000001,1760088455.html"
1760077498,看多,上证指数,上证指数吧,6,0,2026-08-17 14:39:41,机会,"给你机会，你别不中用啊！","","https://guba.eastmoney.com/news,sh000001,1760077498.html"
1760077415,看多,上证指数,上证指数吧,6,0,2026-08-17 14:39:38,突破,"突破3984，加油","","https://guba.eastmoney.com/news,sh000001,1760077415.html"
1760077253,看多,上证指数,上证指数吧,6,0,2026-08-17 14:39:31,牛来,"千万不要今天牛来明天梦醒","","https://guba.eastmoney.com/news,sh000001,1760077253.html"
1760075640,看多,上证指数,上证指数吧,6,0,2026-08-17 14:38:30,反弹,"金信诺跌了50个点，反弹5个点都没有，真可笑啊，资金都不管小盘股，都去龙头","","https://guba.eastmoney.com/news,sh000001,1760075640.html"
1760067081,中性,上证指数,上证指数吧,6,0,2026-08-17 14:32:04,,"反复收割，指数回去了，个股跌麻了","","https://guba.eastmoney.com/news,sh000001,1760067081.html"
1760066183,中性,上证指数,上证指数吧,6,0,2026-08-17 14:31:28,,"真准时。","","https://guba.eastmoney.com/news,sh000001,1760066183.html"
1760062980,中性,上证指数,上证指数吧,6,0,2026-08-17 14:29:08,,"科技股半导体赚了几百万舒服","","https://guba.eastmoney.com/news,sh000001,1760062980.html"
1760061800,中性,上证指数,上证指数吧,6,0,2026-08-17 14:28:18,,"天天让基民冲高回落","","https://guba.eastmoney.com/news,sh000001,1760061800.html"
1760061590,中性,上证指数,上证指数吧,6,0,2026-08-17 14:28:09,,"4000点马上涨","","https://guba.eastmoney.com/news,sh000001,1760061590.html"
1760061081,看空,上证指数,上证指数吧,6,0,2026-08-17 14:27:45,跳水,"一天不跳水都浑身难受","","https://guba.eastmoney.com/news,sh000001,1760061081.html"
1760061008,中性,上证指数,上证指数吧,6,0,2026-08-17 14:27:43,,"大早上买啥不好，非得买个影视，错过了这么好的行情","","https://guba.eastmoney.com/news,sh000001,1760061008.html"
1760059278,中性,上证指数,上证指数吧,6,0,2026-08-17 14:26:29,主力|出货,"快出货了主力","","https://guba.eastmoney.com/news,sh000001,1760059278.html"
1760058263,看空,上证指数,上证指数吧,6,0,2026-08-17 14:25:46,跳水,"又开始跳水了？？？","","https://guba.eastmoney.com/news,sh000001,1760058263.html"
1760046866,看空,创业板指,创业板指吧,6,0,2026-08-17 14:17:38,砸盘,"2点半会不会又开始砸盘啊","","https://guba.eastmoney.com/news,sz399006,1760046866.html"
1759677343,中性,证券,证券Ⅱ吧,6,0,2026-08-17 09:36:52,,"熊来","","https://guba.eastmoney.com/news,bk0473,1759677343.html"
1760080576,中性,半导体,半导体概念吧,6,0,2026-08-17 14:41:55,,"$半导体概念(BK0917)$","","https://guba.eastmoney.com/news,bk0917,1760080576.html"
1760105498,看多,上证指数,上证指数吧,5,0,2026-08-17 14:58:08,牛来,"借着牛来再套一波","","https://guba.eastmoney.com/news,sh000001,1760105498.html"
1760104373,中性,上证指数,上证指数吧,5,0,2026-08-17 14:56:59,,"补3983-3995缺口","","https://guba.eastmoney.com/news,sh000001,1760104373.html"
1760098757,中性,上证指数,上证指数吧,5,0,2026-08-17 14:53:46,,"没有量的大阳线，都是存量资金在做T，资产很多流向对面了。","","https://guba.eastmoney.com/news,sh000001,1760098757.html"
1760096728,中性,上证指数,上证指数吧,5,1,2026-08-17 14:52:36,,"大盘这个样子，自己的两只股都绿，看来是自己的问题！","","https://guba.eastmoney.com/news,sh000001,1760096728.html"
1760095960,中性,上证指数,上证指数吧,5,0,2026-08-17 14:52:09,,"坏了剩最后几分钟要摸上面的缺口吗","","https://guba.eastmoney.com/news,sh000001,1760095960.html"
1760090496,中性,上证指数,上证指数吧,5,0,2026-08-17 14:48:49,,"这个月亏惨了，服了","","https://guba.eastmoney.com/news,sh000001,1760090496.html"
1760090234,看多,上证指数,上证指数吧,5,0,2026-08-17 14:48:39,机会,"都在科技里，涨跌都是科技，其他没机会","","https://guba.eastmoney.com/news,sh000001,1760090234.html"
1760089474,中性,上证指数,上证指数吧,5,0,2026-08-17 14:48:08,,"没有棒子扰乱市场，大A今天算正常了","","https://guba.eastmoney.com/news,sh000001,1760089474.html"
1760087403,看多,上证指数,上证指数吧,5,0,2026-08-17 14:46:46,拉升,"速度，拉升","","https://guba.eastmoney.com/news,sh000001,1760087403.html"
1760083302,看多,上证指数,上证指数吧,5,0,2026-08-17 14:43:55,牛来,"只要大盘是涨的，炒股就能安心一半，其他靠水平，支持牛来，好兆头","","https://guba.eastmoney.com/news,sh000001,1760083302.html"
1760082927,中性,上证指数,上证指数吧,5,0,2026-08-17 14:43:40,,"冲破3966了，那么向上压力消减不少","","https://guba.eastmoney.com/news,sh000001,1760082927.html"
1760079254,中性,上证指数,上证指数吧,5,0,2026-08-17 14:40:56,,"牛逼哄哄！","","https://guba.eastmoney.com/news,sh000001,1760079254.html"
1760076813,中性,上证指数,上证指数吧,5,0,2026-08-17 14:39:09,,"涨一天跌四天","","https://guba.eastmoney.com/news,sh000001,1760076813.html"
1760067844,中性,上证指数,上证指数吧,5,0,2026-08-17 14:32:36,,"要收网了","","https://guba.eastmoney.com/news,sh000001,1760067844.html"
1760063193,中性,上证指数,上证指数吧,5,0,2026-08-17 14:29:17,,"收盘站上年线行吗？","","https://guba.eastmoney.com/news,sh000001,1760063193.html"
1760062957,贪婪,上证指数,上证指数吧,5,0,2026-08-17 14:29:08,冲冲冲|牛来|冲冲冲,"正如电影牛来一样，逆行。好，冲冲冲","","https://guba.eastmoney.com/news,sh000001,1760062957.html"
1760061196,看多,上证指数,上证指数吧,5,0,2026-08-17 14:27:51,慢牛,"慢牛、慢牛行情。国家队又该来降降温啦！","","https://guba.eastmoney.com/news,sh000001,1760061196.html"
1760060992,看多,上证指数,上证指数吧,5,0,2026-08-17 14:27:42,突破,"假突破年线","","https://guba.eastmoney.com/news,sh000001,1760060992.html"
1760059723,中性,上证指数,上证指数吧,5,0,2026-08-17 14:26:48,,"不承认，不参与，不接受","","https://guba.eastmoney.com/news,sh000001,1760059723.html"
1760058829,中性,上证指数,上证指数吧,5,0,2026-08-17 14:26:10,,"明明是普涨、一个个说科技涨....搞不懂","","https://guba.eastmoney.com/news,sh000001,1760058829.html"
1760058019,看多,上证指数,上证指数吧,5,0,2026-08-17 14:25:37,牛来|牛真来,"牛真来了？电影票已定，真得去支持一下牛来了","","https://guba.eastmoney.com/news,sh000001,1760058019.html"
1760098930,中性,创业板指,创业板指吧,5,1,2026-08-17 14:53:52,,"终于高开高走一天！能不能保持下去啊。","","https://guba.eastmoney.com/news,sz399006,1760098930.html"
1760026257,贪婪,创业板指,创业板指吧,5,0,2026-08-17 14:01:53,亏钱|重仓,"还亏钱，五个股，只涨了一个就是轻仓的股涨了一个多点，重仓的全跌","","https://guba.eastmoney.com/news,sz399006,1760026257.html"
1760094314,中性,电力,电力吧,5,0,2026-08-17 14:51:10,,"明天可以跟着大盘一起回调了，明天跌2个点都不稀奇！","","https://guba.eastmoney.com/news,bk0428,1760094314.html"
1760101661,看多,上证指数,上证指数吧,4,0,2026-08-17 14:55:25,牛来,"牛来，给力","","https://guba.eastmoney.com/news,sh000001,1760101661.html"
1760092378,中性,上证指数,上证指数吧,4,0,2026-08-17 14:49:58,,"涨这么多，不要命了？明天不是血杀吧","","https://guba.eastmoney.com/news,sh000001,1760092378.html"
1760090081,中性,上证指数,上证指数吧,4,0,2026-08-17 14:48:33,,"指数回去了，钱丢了","","https://guba.eastmoney.com/news,sh000001,1760090081.html"
1760088519,看多,上证指数,上证指数吧,4,0,2026-08-17 14:47:32,反弹,"指数涨五十个点手上股票反弹一两个点，但凡指数跌十几个点手上股票最少吐回去五六个点","","https://guba.eastmoney.com/news,sh000001,1760088519.html"
1760088328,看多,上证指数,上证指数吧,4,0,2026-08-17 14:47:24,牛来,"牛来！我不能拉到4000点吗？","","https://guba.eastmoney.com/news,sh000001,1760088328.html"
1760087265,看多,上证指数,上证指数吧,4,0,2026-08-17 14:46:40,牛来,"牛来几天","","https://guba.eastmoney.com/news,sh000001,1760087265.html"
1760080298,中性,上证指数,上证指数吧,4,0,2026-08-17 14:41:43,,"指数疯狂涨，个股大多都还在回落，这市场太失真了，到指数跌，个股都狂泻，这市场不能","","https://guba.eastmoney.com/news,sh000001,1760080298.html"
1760062945,中性,上证指数,上证指数吧,4,0,2026-08-17 14:29:07,,"@中航重机中航重疾的会物管理人无毛兴哥，躺平弟王不红","","https://guba.eastmoney.com/news,sh000001,1760062945.html"
1760060627,中性,上证指数,上证指数吧,4,0,2026-08-17 14:27:29,,"不要被绊倒了，冲上年线收根光头阳可以吗","","https://guba.eastmoney.com/news,sh000001,1760060627.html"
1760105112,看多,创业板指,创业板指吧,4,0,2026-08-17 14:57:44,牛来,"牛来，牛来","","https://guba.eastmoney.com/news,sz399006,1760105112.html"
1760105605,中性,银行,银行Ⅱ吧,4,0,2026-08-17 14:58:13,,"科技涨这么多，银行也涨？","","https://guba.eastmoney.com/news,bk0475,1760105605.html"
1760105467,中性,上证指数,上证指数吧,3,0,2026-08-17 14:58:07,,"年线终于破了","","https://guba.eastmoney.com/news,sh000001,1760105467.html"
1760104620,看多,上证指数,上证指数吧,3,0,2026-08-17 14:57:12,做多,"增量资金做多，明天继续做多4010","","https://guba.eastmoney.com/news,sh000001,1760104620.html"
1760100895,中性,上证指数,上证指数吧,3,0,2026-08-17 14:55:02,,"指数回来了，钱没了","","https://guba.eastmoney.com/news,sh000001,1760100895.html"
1760098844,中性,上证指数,上证指数吧,3,0,2026-08-17 14:53:49,,"星帅尔粘了你的光了","","https://guba.eastmoney.com/news,sh000001,1760098844.html"
1760085149,中性,上证指数,上证指数吧,3,0,2026-08-17 14:45:11,,"再坚持一会儿，还有十分钟下班","","https://guba.eastmoney.com/news,sh000001,1760085149.html"
1760083855,中性,上证指数,上证指数吧,3,0,2026-08-17 14:44:17,,"明天冲破4000点，估计都瑟瑟发抖","","https://guba.eastmoney.com/news,sh000001,1760083855.html"
1760081415,看多,上证指数,上证指数吧,3,0,2026-08-17 14:42:31,拉升,"“精准”控盘拉升","","https://guba.eastmoney.com/news,sh000001,1760081415.html"
1760059939,看空,上证指数,上证指数吧,3,0,2026-08-17 14:26:58,出货,"目前达成开始出货。","","https://guba.eastmoney.com/news,sh000001,1760059939.html"
1760058131,中性,上证指数,上证指数吧,3,0,2026-08-17 14:25:40,,"下午追涨的，明天都要。","","https://guba.eastmoney.com/news,sh000001,1760058131.html"
1760106438,中性,上证指数,上证指数吧,2,0,2026-08-17 14:59:07,,"股东们今天不要进来，明天又要收割的一天","","https://guba.eastmoney.com/news,sh000001,1760106438.html"
1760105868,贪婪,上证指数,上证指数吧,2,0,2026-08-17 14:58:31,全仓,"一年八倍，六月开始，八月第五单，凯撒3.26全仓买入。","","https://guba.eastmoney.com/news,sh000001,1760105868.html"
1760105785,中性,上证指数,上证指数吧,2,0,2026-08-17 14:58:25,,"$上证指数(SH000001)$","","https://guba.eastmoney.com/news,sh000001,1760105785.html"
1760101578,贪婪,上证指数,上证指数吧,2,0,2026-08-17 14:55:22,稳了|稳了,"明天4000稳了","","https://guba.eastmoney.com/news,sh000001,1760101578.html"
1760101229,看空,上证指数,上证指数吧,2,0,2026-08-17 14:55:13,跳水,"一天拉这么多点，还不跳水，你疯啦？","","https://guba.eastmoney.com/news,sh000001,1760101229.html"
1760099582,中性,上证指数,上证指数吧,2,0,2026-08-17 14:54:15,,"指数你这么搞，明天怎么弄？","","https://guba.eastmoney.com/news,sh000001,1760099582.html"
1760097748,看空,上证指数,上证指数吧,2,0,2026-08-17 14:53:11,跳水,"昨天很多人在唱空，看看今天失信了，一路上，不准时跳水！","","https://guba.eastmoney.com/news,sh000001,1760097748.html"
1760097393,中性,上证指数,上证指数吧,2,0,2026-08-17 14:53:00,,"一部手搓电影改变了股市","","https://guba.eastmoney.com/news,sh000001,1760097393.html"
1760096202,中性,上证指数,上证指数吧,2,0,2026-08-17 14:52:18,,"还得是科技牛，可能未来几年也是科技","","https://guba.eastmoney.com/news,sh000001,1760096202.html"
1760095745,中性,上证指数,上证指数吧,2,0,2026-08-17 14:52:01,,"这个烂市场，大盘涨这么多，个股都在跌，要不就一不动，一动不动！","","https://guba.eastmoney.com/news,sh000001,1760095745.html"
1760084218,中性,上证指数,上证指数吧,2,0,2026-08-17 14:44:33,,"困感觉","","https://guba.eastmoney.com/news,sh000001,1760084218.html"
1760083908,中性,上证指数,上证指数吧,2,0,2026-08-17 14:44:20,,"今天高开高走，我的横着不动","","https://guba.eastmoney.com/news,sh000001,1760083908.html"
1760083823,中性,上证指数,上证指数吧,2,0,2026-08-17 14:44:16,,"这是苟队高抛低吸，回补仓位了么","","https://guba.eastmoney.com/news,sh000001,1760083823.html"
1760081919,中性,上证指数,上证指数吧,2,0,2026-08-17 14:42:56,,"4个票全都绿油油","","https://guba.eastmoney.com/news,sh000001,1760081919.html"
1760081532,中性,上证指数,上证指数吧,2,0,2026-08-17 14:42:37,,"科技股是最好的","","https://guba.eastmoney.com/news,sh000001,1760081532.html"
1760081061,中性,上证指数,上证指数吧,2,0,2026-08-17 14:42:17,,"牛来，牛又来，牛再来，牛来了又来，牛只管来，老乡别走！","","https://guba.eastmoney.com/news,sh000001,1760081061.html"
1760060133,看空,上证指数,上证指数吧,2,0,2026-08-17 14:27:07,跳水,"两点半不会又跳水吧","","https://guba.eastmoney.com/news,sh000001,1760060133.html"
1760046362,中性,银行,银行Ⅱ吧,2,0,2026-08-17 14:17:15,,"拉吧。拉爆银行吧","","https://guba.eastmoney.com/news,bk0475,1760046362.html"
1760107009,恐慌,上证指数,上证指数吧,1,0,2026-08-17 14:59:49,大涨|放量|冲冲冲|完了|冲冲冲,"明天北证放量大涨。明天北证放量大涨。加油加油加油加油冲冲冲冲冲，捋起袖子干就完了","","https://guba.eastmoney.com/news,sh000001,1760107009.html"
1760106963,中性,上证指数,上证指数吧,1,0,2026-08-17 14:59:45,,"资金流入446亿","","https://guba.eastmoney.com/news,sh000001,1760106963.html"
1760106858,中性,上证指数,上证指数吧,1,0,2026-08-17 14:59:36,,"按照这种拉法一万点都随便上","","https://guba.eastmoney.com/news,sh000001,1760106858.html"
1760106832,中性,上证指数,上证指数吧,1,0,2026-08-17 14:59:34,,"暴长暴迭。天天宣传，天天反着做。","","https://guba.eastmoney.com/news,sh000001,1760106832.html"
1760106762,中性,上证指数,上证指数吧,1,0,2026-08-17 14:59:30,,"难道说？？？","","https://guba.eastmoney.com/news,sh000001,1760106762.html"
1760106666,中性,上证指数,上证指数吧,1,0,2026-08-17 14:59:23,,"第223天实盘记录｜50个投资历程分享今作：•买入：•卖出：金凯生科•持仓：点点","","https://guba.eastmoney.com/news,sh000001,1760106666.html"
1760106624,中性,上证指数,上证指数吧,1,0,2026-08-17 14:59:20,,"果然是牛来","","https://guba.eastmoney.com/news,sh000001,1760106624.html"
1760106620,中性,上证指数,上证指数吧,1,0,2026-08-17 14:59:20,,"不拉着老登一起涨。明天拉着老登一起跌前面。不信？","","https://guba.eastmoney.com/news,sh000001,1760106620.html"
1760106553,中性,上证指数,上证指数吧,1,0,2026-08-17 14:59:14,,"长鑫拉到市值100万A股10万点宇宙第一","","https://guba.eastmoney.com/news,sh000001,1760106553.html"
1760106503,看多,上证指数,上证指数吧,1,0,2026-08-17 14:59:12,暴涨,"大盘暴涨拉红了个股，但愿明天继续加油","","https://guba.eastmoney.com/news,sh000001,1760106503.html"
1760106362,中性,上证指数,上证指数吧,1,0,2026-08-17 14:59:02,,"抗日成功","","https://guba.eastmoney.com/news,sh000001,1760106362.html"
1760106331,看多,上证指数,上证指数吧,1,0,2026-08-17 14:59:00,突破|牛来,"牛来了，恭喜牛来票房突破1000万","","https://guba.eastmoney.com/news,sh000001,1760106331.html"
1760106274,看多,上证指数,上证指数吧,1,0,2026-08-17 14:58:57,牛来,"今晚所有股民去买票看牛来吧！","","https://guba.eastmoney.com/news,sh000001,1760106274.html"
1760106228,中性,上证指数,上证指数吧,1,0,2026-08-17 14:58:54,,"指数红真猛","","https://guba.eastmoney.com/news,sh000001,1760106228.html"
1760106130,看多,上证指数,上证指数吧,1,0,2026-08-17 14:58:47,牛来,"感谢牛来！","","https://guba.eastmoney.com/news,sh000001,1760106130.html"
1760106107,看多,上证指数,上证指数吧,1,0,2026-08-17 14:58:46,突破,"大盘突破了结束调整了明天高开","","https://guba.eastmoney.com/news,sh000001,1760106107.html"
1760105940,中性,上证指数,上证指数吧,1,0,2026-08-17 14:58:34,,"哈哈哈哈哈哈哈哈","","https://guba.eastmoney.com/news,sh000001,1760105940.html"
1760105842,中性,上证指数,上证指数吧,1,0,2026-08-17 14:58:29,,"牛被水淹了，快不行了，粮草先行","","https://guba.eastmoney.com/news,sh000001,1760105842.html"
1760105554,中性,上证指数,上证指数吧,1,0,2026-08-17 14:58:11,,"明天过4000点？","","https://guba.eastmoney.com/news,sh000001,1760105554.html"
1760104905,贪婪,上证指数,上证指数吧,1,0,2026-08-17 14:57:29,发财,"我感觉和平时每一天一样的感觉很平淡。还是恭喜你今天发财吧","","https://guba.eastmoney.com/news,sh000001,1760104905.html"
1760101580,中性,上证指数,上证指数吧,1,0,2026-08-17 14:55:22,,"野猴子已经把上证指数推向3981点。嘻嘻哈哈","","https://guba.eastmoney.com/news,sh000001,1760101580.html"
1760101204,中性,上证指数,上证指数吧,1,0,2026-08-17 14:55:12,,"明天有望4000点。","","https://guba.eastmoney.com/news,sh000001,1760101204.html"
1760100993,中性,上证指数,上证指数吧,1,0,2026-08-17 14:55:06,,"要上4000点了","","https://guba.eastmoney.com/news,sh000001,1760100993.html"
1760098310,中性,上证指数,上证指数吧,1,0,2026-08-17 14:53:29,,"终于高开高走一天！能不能保持下去啊。","","https://guba.eastmoney.com/news,sh000001,1760098310.html"
1760096511,看多,上证指数,上证指数吧,1,0,2026-08-17 14:52:28,牛来,"科技股：牛来～","","https://guba.eastmoney.com/news,sh000001,1760096511.html"
1760095904,中性,上证指数,上证指数吧,1,0,2026-08-17 14:52:07,,"拉一把老登吧","","https://guba.eastmoney.com/news,sh000001,1760095904.html"
1760093633,贪婪,上证指数,上证指数吧,1,0,2026-08-17 14:50:44,冲冲冲|冲冲冲,"冲冲冲","","https://guba.eastmoney.com/news,sh000001,1760093633.html"
1760092358,中性,上证指数,上证指数吧,1,0,2026-08-17 14:49:58,,"贵茅拖累大盘","","https://guba.eastmoney.com/news,sh000001,1760092358.html"
1760089568,看多,上证指数,上证指数吧,1,0,2026-08-17 14:48:11,机会,"今天看来不会下来给机会了","","https://guba.eastmoney.com/news,sh000001,1760089568.html"
1760089176,中性,上证指数,上证指数吧,1,0,2026-08-17 14:47:56,,"拉高拉高","","https://guba.eastmoney.com/news,sh000001,1760089176.html"
1760088662,中性,上证指数,上证指数吧,1,0,2026-08-17 14:47:37,,"涨的也不咋滴","","https://guba.eastmoney.com/news,sh000001,1760088662.html"
1760088250,中性,上证指数,上证指数吧,1,0,2026-08-17 14:47:19,,"是我的问题，我今天全绿","","https://guba.eastmoney.com/news,sh000001,1760088250.html"
1760083716,看空,上证指数,上证指数吧,1,0,2026-08-17 14:44:12,跳水,"就闻个味，上午跳水出了，再想进就得追高了！这个行情还是不宜追高","","https://guba.eastmoney.com/news,sh000001,1760083716.html"
1760083381,看多,上证指数,上证指数吧,1,0,2026-08-17 14:43:59,牛来,"牛来了，牛来了，大家冲啊","","https://guba.eastmoney.com/news,sh000001,1760083381.html"